CRASH_YEAR,CRASH_NUM,CRASH_DATE,CRASH_HOUR,ACCESS_CNTL_CD,ALCOHOL,ALIGNMENT_CD,BYPASS,CITY_CD,CONST_MAINT_ZN,DAY_OF_WK,DOTD_PROP_DAM,HIT_AND_RUN,HWY_TYPE_CD,INTERSECTION,INVEST_AGENCY_CD,LIGHTING_CD,LOC_TYPE_CD,MAN_COLL_CD,MILE_POST,NUM_TOT_INJ,NUM_TOT_KIL,NUM_VEH,PARISH_CD,POP_CD,PRI_HWY_NUM,ROAD_COND_CD,ROAD_REL_CD,ROAD_TYPE_CD,RR_TRAIN_INV,SEVERITY_CD,SURF_COND_CD,SURF_TYPE_CD,TROOP,WEATHER_CD,DR_COND_CD1,DR_COND_CD2,EST_SPEED1,EST_SPEED2,F_HARM_EV_CD1,F_HARM_EV_CD2,M_HARM_EV_CD1,M_HARM_EV_CD2,POSTED_SPEED,PRIOR_MOVEMENTS,PRIOR_MOVEMENT_CD1,PRIOR_MOVEMENT_CD2,TRAFF_CNTL_CD,TRAVEL_DIRS,TRAVEL_DIR1,TRAVEL_DIR2,VEH_COND_CD1,VEH_COND_CD2,VEH_TYPE_CD1,VEH_TYPE_CD2,VIOLATIONS_CD1,VIOLATIONS_CD2,PED_COND,ACC_CLASS,ADT,CSECT,DOTD_PARISH,FUN_CLASS,HWY_CLASS,LOGMI_FROM,LOGMI_TO,LOGMILE,MED_WIDTH,NUM_LANES,PAVE_TYPE,PAVE_WIDTH,PEDESTRIAN,MILEPOST_FROM,MILEPOST_TO,ROUTE,SEC_LENGTH,TYPE_ACC,DISTRICT,PRI_CONTRIB_FAC,SEC_CONTRIB_FAC,MOVEMENT_REASON_1,MOVEMENT_REASON_2,URBAN_AREA,MILEPOINT,dotd_latitude,dotd_longitude,crash_time,spotted_by,intersection_id,lrs_id,lrs_logmile,roadway_departure,lane_departure,location_type,crash_type,contributing_factor,veh_severity_cd
2017,201707221701010324-,2017-07-22,12,C,0,A, ,02,0,SA,0,0,A,0,B,A,A,B,154.795,0,0,2,17,0,10,A,A,C,0,E,A,A,A,A,B,A,,,S ,S ,S ,S ,60,BB  ,B,B,R,WW  ,W,W,K,K,A,S,D,U, ,3,101400,450-09,17,11,8,0,0.863,0.617,2,4,70,48,0,154.18,155.04,I010 ,0.863,D,61,A, ,P,P,4,155.035,30.439351,-91.194491,12:44,7,,450-09-1-010,0.617,0,0,Z,S,R,D
2017,201707281701010573-,2017-07-27,15,C,0,B, ,02,0,TH,0,0,A,0,B,A,B,B,154.733,0,0,3,17,0,10,A,A,D,0,E,A,A,A,A,B,A,,,X ,S ,X ,S ,60,BAA ,B,A,R,WWW ,W,W,K,K,A,A,D,U, ,3,101400,450-09,17,11,8,0,0.863,0.555,2,4,70,48,0,154.18,155.04,I010 ,0.863,I,61,A, ,L,P,4,154.973,30.439496,-91.195505,15:04,7,,450-09-2-010,0.399,0,0,Z,R,R,D
2017,20170030835-,2017-07-31,6,C,0,G, ,00,0,MO,0,0,A,0,A,A,C,B,154.559,1,0,2,17,0,10,A,A,A,0,D,A,A,A,A,B,A,45,0,S ,S ,S ,S ,55,BA  ,B,A,R,WW  ,W,W,K,K,B,B,S,U, ,2,101400,450-09,17,11,8,0,0.863,0.38,2,4,70,48,0,154.18,155.04,I010 ,0.863,D,61,A,B,L,I,4,154.798,30.439678,-91.198434,06:00,3,,450-09-2-010,0.574,0,0,Z,U,R,D
2017,170808143604135-,2017-08-04,12,C,0,G, ,03,0,FR,0,0,A,0,C,A,A,B,154.639,0,0,3,17,0,10,A,A,A,0,E,A,A,A,A,B,A,,,S ,S ,S ,S ,60,QQA ,Q,Q,R,EEE ,E,E,K,K,A,A,Y,U, ,3,101400,450-09,17,11,8,0,0.863,0.461,2,4,70,48,0,154.18,155.04,I010 ,0.863,D,61,A,B,I,I,4,154.879,30.439584,-91.197089,12:00,7,,450-09-2-010,0.493,0,0,Z,R,O,D
2017,201708041701010908-,2017-08-04,17,C,0,A, ,02,0,FR,0,0,A,0,B,A,C,J,155.037,0,0,2,17,0,10,A,A,C,0,E,A,A,A,A,B,A,,,S ,S ,S ,S ,60,HB  ,H,B,R,WW  ,W,W,K,K,A,S,C,U, ,3,101400,450-09,17,11,8,0,0.863,0.86,2,4,70,48,0,154.18,155.04,I010 ,0.863,D,61,A, ,L,P,4,155.278,30.439148,-91.189398,17:14,7,,450-09-2-010,0.033,0,0,Z,S,R,C
2017,201708061701010984-,2017-08-05,15,C,0,B, ,02,0,SA,0,0,A,0,B,A,B,B,154.776,0,0,2,17,0,10,A,A,D,0,E,A,A,A,A,B,A,,,S ,S ,S ,S ,60,BA  ,B,A,R,EE  ,E,E,K,K,A,A,D,U, ,3,101400,450-09,17,11,8,0,0.863,0.598,2,4,70,48,0,154.18,155.04,I010 ,0.863,D,61,A, ,L,P,4,155.016,30.439368,-91.194797,15:11,7,,450-09-1-010,0.598,0,0,Z,S,R,E
2017,201708071701011025-,2017-08-06,15,C,0,B, ,02,0,SU,0,0,A,0,B,A,B,B,154.764,0,0,2,17,0,10,A,A,D,0,E,A,A,A,A,B,A,,,S ,S ,S ,S ,60,BA  ,B,A,R,EE  ,E,E,K,K,B,A,D,U, ,3,101400,450-09,17,11,8,0,0.863,0.586,2,4,70,48,0,154.18,155.04,I010 ,0.863,D,61,A, ,L,P,4,155.004,30.439379,-91.194995,15:51,7,,450-09-1-010,0.586,0,0,Z,S,R,E
2017,20170031518-,2017-08-08,8,C,0,G, ,03,0,TU,0,0,A,0,A,A,G,J,154.681,0,0,2,17,0,10,A,A,C,0,E,A,A,A,A,B,A,55,60,S ,S ,S ,S ,60,HB  ,H,B,R,WW  ,W,W,K,K,Q,S,S,U, ,3,101400,450-09,17,11,8,0,0.863,0.503,2,4,70,48,0,154.18,155.04,I010 ,0.863,D,61,A,B,L,P,4,154.921,30.439545,-91.196381,08:40,7,,450-09-2-010,0.451,0,0,Z,Q,R,D
2017,20170029905-,2017-08-10,23,C,0,B, ,03,0,TH,0,0,A,0,A,C,G,B,154.268,0,0,2,17,0,10,M,A,D,0,E,A,A,A,A,A,A,0,55,S ,S ,S ,S ,60,AQ  ,A,Q,R,EE  ,E,E,I,K,A,S,U,U, ,3,101400,450-09,17,11,8,0,0.863,0.088,2,4,70,48,0,154.18,155.04,I010 ,0.863,D,61,G,G,M,A,4,154.506,30.439836,-91.20333,23:00,7,,450-09-1-010,0.088,0,0,Z,F,O,D
2017,201708101701011188-,2017-08-10,12,A,0,B, ,02,0,TH,0,0,A,0,B,A,B,B,155.016,0,0,2,17,0,10,A,A,D,0,E,A,A,A,B,B,A,,,S ,S ,S ,S ,60,BH  ,B,H,R,EE  ,E,E,K,K,L,A,D,U, ,3,101400,450-09,17,11,8,0,0.863,0.839,2,4,70,48,0,154.18,155.04,I010 ,0.863,D,61,B, ,L,I,4,155.257,30.439132,-91.190779,12:42,7,,450-09-1-010,0.839,0,0,Z,Q,R,C
2017,201708121701011313-,2017-08-12,15,C,0,A, ,02,0,SA,0,0,A,0,B,A,C,B,155.04,0,0,2,17,0,10,A,A,Z,0,E,A,A,A,B,B,A,,,S ,S ,S ,S ,30,BA  ,B,A,B,EE  ,E,E,K,K,A,A,S,U, ,3,101400,450-09,17,11,8,0,0.863,0.863,2,4,70,48,0,154.18,155.04,I010 ,0.863,D,61,A, ,L,P,4,155.281,30.436412,-91.186461,15:14,7,,450-09-E-010,0.074,0,0,A,S,R,D
2017,201708141701011364-,2017-08-13,23,A,0,A, ,02,0,SU,0,0,A,1,B,C,Z,J,154.722,0,0,2,17,0,10,A,A,C,0,E,A,A, ,A,B,A,,,AA,S ,S ,S ,60,EB  ,E,B,R,WW  ,W,W,K,K,A,A,S,U, ,3,101400,450-09,17,11,8,0,0.863,0.544,2,4,70,48,0,154.18,155.04,I010 ,0.863,I,61,A, ,A,P,4,154.962,30.439507,-91.195696,23:48,7,,450-09-2-010,0.41,1,1,Z,S,O,C
2017,170814185745454-,2017-08-14,18,C,0,G, ,03,0,MO,0,0,A,0,C,A,A,J,154.638,0,0,2,17,0,10,A,A,D,0,E,A,A,A,A,B,A,,,S ,S ,S ,S ,60,HB  ,H,B,R,WW  ,W,W,K,K,A,S,S,U, ,3,101400,450-09,17,11,8,0,0.863,0.46,2,4,70,48,0,154.18,155.04,I010 ,0.863,D,61,A,B,L,P,4,154.878,30.439585,-91.197101,18:06,7,,450-09-2-010,0.494,0,0,Z,S,R,D
2017,201708181701011600-,2017-08-17,7,C,0,E, ,02,0,TH,0,0,A,0,B,A,A,B,154.807,1,0,3,17,0,10,A,A,A,0,D,A,A,A,A,B,A,,,S ,S ,S ,S ,60,BQA ,B,Q,R,EEE ,E,E,K,K,A,A,D,U, ,2,101400,450-09,17,11,8,0,0.863,0.629,2,4,70,48,0,154.18,155.04,I010 ,0.863,D,61,A, ,L,P,4,155.047,30.439339,-91.194284,07:45,7,,450-09-1-010,0.629,0,0,Z,R,R,C
2017,201708181701011606-,2017-08-18,8,C,0,A, ,02,0,FR,0,0,A,1,B,A,A,J,154.997,1,0,3,17,0,10,A,A,C,0,D,A,A,A,A,B,A,,,S ,S ,S ,S ,60,HAB ,H,A,R,EEE ,E,E,K,K,A,S,C,U, ,2,101400,450-09,17,11,8,0,0.863,0.82,2,4,70,48,0,154.18,155.04,I010 ,0.863,D,61,A, ,P,I,4,155.238,30.439151,-91.19109,08:17,7,,450-09-1-010,0.82,0,0,Z,R,R,C
2017,170821181216675-,2017-08-21,17,C,0,B, ,00,0,MO,0,0,A,0,C,A,C,B,154.365,0,0,3,17,0,10,A,A,D,0,E,A,A,A,B,B,A,,,S ,S ,S ,S ,55,BAA ,B,A,R,EEE ,E,E,K,K,A,A,S,U, ,3,101400,450-09,17,11,8,0,0.863,0.186,2,4,70,48,0,154.18,155.04,I010 ,0.863,D,61,A,D,L,P,4,154.604,30.439844,-91.201677,17:20,2,,450-09-2-010,0.768,0,0,Z,R,R,C
2017,170821114008141-,2017-08-21,8,C,0,G, ,02,0,MO,0,0,A,0,C,A,A,B,154.723,0,0,3,17,0,10,A,A,A,0,E,A,A,A,A,Z,A,,,S ,S ,  ,  ,60,QQQ ,Q,Q,R,EEE ,E,E,K,K,A,A,Y,U, ,3,101400,450-09,17,11,8,0,0.863,0.545,2,4,70,48,0,154.18,155.04,I010 ,0.863,D,61,B,K,I,I,4,154.963,30.439417,-91.195694,08:40,7,,450-09-1-010,0.545,0,0,Z,R,O,C
2017,170823112446456-,2017-08-23,11,C,0,G, ,03,0,WE,0,0,A,1,C,A,A,A,154.242,1,0,1,17,0,10,M,A,A,0,D,A,A,A,A,A, ,,,G ,  ,G ,  ,60,B   ,B, ,R,W   ,W, ,K, ,B, ,U, , ,2,101400,450-09,17,11,8,0,0.863,0.062,2,4,70,48,0,154.18,155.04,I010 ,0.863,K,61,G,K,P, ,4,154.48,30.439958,-91.203752,11:00,7,,450-09-2-010,0.892,1,1,Z,F,O,C
2017,201708241701011928-,2017-08-23,16,C,0,B, ,02,0,WE,0,0,A,1,B,A,A,J,155.032,1,0,2,17,0,10,A,A,D,0,D,A,A,A,B,B,A,,,S ,S ,S ,S ,60,HB  ,H,B,R,EE  ,E,E,K,K,L,A,C,U, ,2,101400,450-09,17,11,8,0,0.863,0.855,2,4,70,48,0,154.18,155.04,I010 ,0.863,D,61,A,D,L,P,4,155.273,30.439198,-91.1903,16:36,7,17I-10@RIVER,450-09-2-010,0.087,0,0,Z,Q,R,D
2017,170828084020549-,2017-08-24,12,C,0,E, ,00,0,TH,0,0,A,0,C,A,A,B,154.679,0,0,2,17,0,10,A,A,D,0,E,A,A,A,A,B,A,,,S ,S ,S ,S ,60,BQ  ,B,Q,R,EE  ,E,E,K,K,C,S,D,U, ,3,101400,450-09,17,11,8,0,0.863,0.501,2,4,70,48,0,154.18,155.04,I010 ,0.863,D,61,A,B,L,P,4,154.919,30.439439,-91.196418,12:40,2,,450-09-1-010,0.501,0,0,Z,U,R,D
2017,201708241701011942-,2017-08-24,14,C,0,E, ,02,0,TH,0,0,A,0,B,A,B,J,154.942,0,0,2,17,0,10,A,A,D,0,E,A,B,A,A,B,A,,,HH,S ,S ,S ,60,HB  ,H,B,R,WW  ,W,W,K,K,A,S,S,U, ,3,101400,450-09,17,11,8,0,0.863,0.765,2,4,70,48,0,154.18,155.04,I010 ,0.863,I,61,A,B,L,P,4,155.183,30.439297,-91.192,14:03,7,,450-09-2-010,0.189,0,0,Z,S,R,C
2017,20170029906-,2017-08-28,19,C,0,B, ,03,0,MO,0,0,A,0,A,C,G,B,154.294,0,0,2,17,0,10,Z,A,D,0,E,A,A,A,A,B,A,60,0,L ,S ,S ,S ,60,HA  ,H,A,R,EE  ,E,E,K,K,S,S,S,U, ,3,101400,450-09,17,11,8,0,0.863,0.114,2,4,70,48,0,154.18,155.04,I010 ,0.863,A,61,A,B,K,A,4,154.532,30.439812,-91.202898,19:15,7,,450-09-1-010,0.114,0,1,Z,U,O,D
2017,201708291701012172-,2017-08-29,6,C,0,A, ,02,0,TU,0,1,A,0,B,A,C,K,155.04,0,0,2,17,0,10,A,B,A,0,E,B,A,A,C,Y,A,,,T ,S ,T ,S ,35,BR  ,B,R,Z,WW  ,W,W,Y,K,Q,B,S,U, ,3,101400,450-09,17,11,8,0,0.863,0.863,2,4,70,48,0,154.18,155.04,I010 ,0.863,E,61,A,D,Y,P,4,155.281,30.441654,-91.187188,06:34,2,,450-09-L-010,0.036,0,0,H,E,R,D
2017,170905100430089-,2017-09-01,12,C,0,B, ,00,0,FR,0,0,A,0,C,A,G,B,154.342,0,0,2,17,0,10,A,A,A,0,E,A,A,A,A,B,A,,,S ,S ,S ,S ,60,HA  ,H,A,R,EE  ,E,E,K,K,P,B,D,U, ,3,101400,450-09,17,11,8,0,0.863,0.163,2,4,70,48,0,154.18,155.04,I010 ,0.863,D,61,A,B,L,I,4,154.581,30.439743,-91.202073,12:46,2,,450-09-1-010,0.163,0,0,Z,Q,R,D
2017,201709031701012461-,2017-09-02,13,C,0,A, ,02,0,SA,0,0,A,0,B,A,B,B,154.985,1,0,2,17,0,10,A,A,A,0,C,A,A,A,A,C,A,,,S ,S ,S ,S ,60,HB  ,H,B,R,EE  ,E,E,K,K,E,B,S,U, ,2,101400,450-09,17,11,8,0,0.863,0.808,2,4,70,48,0,154.18,155.04,I010 ,0.863,D,61,A, ,L,P,4,155.226,30.439162,-91.191292,13:38,7,,450-09-1-010,0.808,0,0,Z,D,O,C
2017,170907112810348-,2017-09-07,8,C,0,G, ,03,0,TH,0,0,A,0,C,A,A,B,154.703,3,0,2,17,0,10,A,A,A,0,D,A,A,A,A,B,A,,,S ,S ,S ,S ,60,BQ  ,B,Q,R,EE  ,E,E,K,K,A,C,C,U, ,2,101400,450-09,17,11,8,0,0.863,0.525,2,4,70,48,0,154.18,155.04,I010 ,0.863,D,61,A,B,L,I,4,154.943,30.439525,-91.196017,08:08,7,,450-09-2-010,0.429,0,0,Z,S,R,B
2017,201709161701013195-,2017-09-07,15,C,0,A, ,02,0,TH,0,0,A,0,B,A,C,B,154.932,0,0,2,17,0,10,A,A,A,0,E,A,A,A,A,B,A,,,S ,S ,S ,S ,60,BA  ,B,A,R,EE  ,E,E,K,K,S,A,D,U, ,3,101400,450-09,17,11,8,0,0.863,0.755,2,4,70,48,0,154.18,155.04,I010 ,0.863,D,61,A,D,L,I,4,155.173,30.439216,-91.192169,15:00,7,,450-09-1-010,0.755,0,0,Z,S,R,C
2017,20170034868-,2017-09-08,15,C,0,G, ,00,0,FR,0,0,A,0,A,A,A,B,154.46,3,0,2,17,0,10,A,A,C,0,D,A,A,A,A,F,A,40,0,S ,S ,S ,S ,55,BA  ,B,A,R,EE  ,E,E,K,K,B,B,S,U, ,2,101400,450-09,17,11,8,0,0.863,0.281,2,4,70,48,0,154.18,155.04,I010 ,0.863,D,61,D,B,K,I,4,154.699,30.439646,-91.200099,15:50,3,,450-09-1-010,0.281,0,0,Z,U,O,D
2017,201709081701012749-,2017-09-08,21,C,0,B, ,02,0,FR,0,0,A,0,B,A,Z,B,154.74,0,0,2,17,0,10,A,A,C,0,E,A,B,A,A,B,A,,,S ,S ,S ,S ,60,QQ  ,Q,Q,R,WW  ,W,W,K,K,A,A,D,U, ,3,101400,450-09,17,11,8,0,0.863,0.562,2,4,70,48,0,154.18,155.04,I010 ,0.863,D,61,A, ,L,I,4,154.98,30.439489,-91.195401,21:07,7,,450-09-2-010,0.392,0,0,Z,S,R,B
2017,170910054608587-,2017-09-09,15,B,0,E, ,02,0,SA,0,0,A,0,C,A,Z,H,154.958,0,0,2,17,0,10,A,A,Z,0,E,A,A,A,A,B,A,,,S ,S ,AA,S ,60,BQ  ,B,Q,R,EE  ,E,E,K,K,B,B,U,U, ,3,101400,450-09,17,11,8,0,0.863,0.781,2,4,70,48,0,154.18,155.04,I010 ,0.863,D,61,B,K,P,I,4,155.199,30.439161,-91.191741,15:34,3,,450-09-1-010,0.781,0,0,Z,U,R,C
2017,201709111701012850-,2017-09-11,6,C,0,A, ,02,0,MO,0,1,A,1,B,A,A,B,154.836,0,0,2,17,0,10,A,A,C,0,E,A,A,A,A,Y,A,,,S ,S ,S ,S ,60,BB  ,B,B,Y,EE  ,E,E,Y,K, ,A,Y,U, ,3,101400,450-09,17,11,8,0,0.863,0.658,2,4,70,48,0,154.18,155.04,I010 ,0.863,D,61,A, ,Y,P,4,155.076,30.439313,-91.193799,06:47,7,,450-09-1-010,0.658,0,0,Z,S,R,E
2017,170913094729086-,2017-09-12,9,C,0,E, ,03,0,TU,0,0,A,0,C,A,A,B,154.549,0,0,3,17,0,10,A,A,A,0,E,A,A,A,A,B,A,,,S ,S ,S ,S ,60,BQA ,B,Q,R,EEE ,E,E,K,K,S,B,C,U, ,3,101400,450-09,17,11,8,0,0.863,0.37,2,4,70,48,0,154.18,155.04,I010 ,0.863,D,61,A,B,L,I,4,154.788,30.439669,-91.198611,09:14,7,,450-09-2-010,0.584,0,0,Z,R,R,C
2017,201709121701012913-,2017-09-12,6,C,0,A, ,02,0,TU,0,0,A,0,B,B,B,J,155.026,0,0,2,17,0,10,A,A,A,0,E,A,A,A,A,B,A,,,S ,S ,S ,S ,60,BB  ,B,B,R,WW  ,W,W,K,K,B,A,Z,Z, ,3,101400,450-09,17,11,8,0,0.863,0.849,2,4,70,48,0,154.18,155.04,I010 ,0.863,D,61,A, ,L,P,4,155.267,30.439216,-91.190599,06:04,7,,450-09-2-010,0.105,0,0,Z,S,R,D
2017,170914082558622-,2017-09-14,6,C,0,A, ,00,0,TH,0,0,A,0,C,A,G,B,154.571,0,0,2,17,0,10,A,A,C,0,E,A,A,A,A,B,A,,,S ,S ,S ,S ,70,BA  ,B,A,R,WW  ,W,W,K,K,A,B,C,U, ,3,101400,450-09,17,11,8,0,0.863,0.392,2,4,70,48,0,154.18,155.04,I010 ,0.863,D,61,A,B,L,I,4,154.81,30.439666,-91.198237,06:38,2,,450-09-2-010,0.562,0,0,Z,S,R,D
2017,201709141701013045-,2017-09-14,7,A,0,A, ,02,0,TH,0,0,A,0,B,A,A,B,154.83,2,0,3,17,0,10,A,A,A,0,D,A,A,A,A,C,A,,,S ,S ,S ,S ,60,BBA ,B,B,R,EEE ,E,E,K,K,A,S,S,U, ,2,101400,450-09,17,11,8,0,0.863,0.652,2,4,70,48,0,154.18,155.04,I010 ,0.863,D,61,A, ,L,P,4,155.07,30.439319,-91.193899,07:44,7,,450-09-1-010,0.652,0,0,Z,R,O,C
2017,201709191701013308-,2017-09-14,7,A,0,A, ,02,0,TH,0,0,A,0,B,A,A,B,154.83,2,0,2,17,0,10,A,A,A,0,D,A,A,A,A,C,A,,,S ,S ,S ,S ,60,BA  ,B,A,R,EE  ,E,E,K,K,S,A,S,U, ,2,101400,450-09,17,11,8,0,0.863,0.652,2,4,70,48,0,154.18,155.04,I010 ,0.863,D,61,A, ,L,P,4,155.07,30.439319,-91.193899,07:44,7,,450-09-1-010,0.652,0,0,Z,S,O,C
2017,201709141701013058-,2017-09-14,12,A,0,A, ,02,0,TH,0,0,A,0,B,A,A,J,154.907,0,0,3,17,0,10,A,A,A,0,E,A,A,A,A,A,A,,,S ,S ,S ,S ,60,HBB ,H,B,R,EEE ,E,E,K,K,A,S,U,U, ,3,101400,450-09,17,11,8,0,0.863,0.73,2,4,70,48,0,154.18,155.04,I010 ,0.863,D,61,A,A,P,P,4,155.148,30.439244,-91.192597,12:25,7,,450-09-1-010,0.73,0,0,Z,R,R,C
2017,201709151701013106-,2017-09-15,4,B,0,A, ,02,0,FR,0,0,A,0,B,C,A,B,154.77,1,0,3,17,0,10,A,A,A,0,D,A,A,A,A,A,A,,,S ,S ,S ,S ,60,ABB ,A,B,R,WEW ,W,E,I,K,B,B,O,U, ,2,101400,450-09,17,11,8,0,0.863,0.592,2,4,70,48,0,154.18,155.04,I010 ,0.863,D,61,A, ,L,P,4,155.01,30.439374,-91.194902,04:59,7,,450-09-1-010,0.592,0,0,Z,R,O,C
2017,201709151701013165-,2017-09-15,22,B,0,A, ,02,0,FR,0,0,A,0,B,C,A,A,154.978,0,0,1,17,0,10,A,A,A,0,E,B,A,A,C,A, ,,,FF,  ,FF,  ,60,B   ,B, ,R,E   ,E, ,K, ,A, ,Z, , ,3,101400,450-09,17,11,8,0,0.863,0.801,2,4,70,48,0,154.18,155.04,I010 ,0.863,I,61,A, ,P, ,4,155.219,30.439168,-91.191395,22:02,7,,450-09-1-010,0.801,1,1,Z,H,R,C
2017,170921091407077-,2017-09-21,7,C,0,E, ,00,0,TH,0,0,A,0,C,A,Z,B,154.659,0,0,2,17,0,10,A,A,C,0,E,A,A,A,A,B,A,,,S ,S ,S ,S ,60,BA  ,B,A,R,EE  ,E,E,K,K,A,B,D,U, ,3,101400,450-09,17,11,8,0,0.863,0.481,2,4,70,48,0,154.18,155.04,I010 ,0.863,D,61,A,B,L,P,4,154.899,30.439462,-91.196755,07:51,3,,450-09-1-010,0.481,0,0,Z,S,R,C
2017,20170040201-,2017-09-23,14,C,0,E, ,03,0,SA,0,0,A,0,A,A,G,B,154.276,0,0,2,17,0,10,A,A,D,0,E,A,A,A,A,B,A,20,5,S ,S ,S ,S ,60,QQ  ,Q,Q,R,EE  ,E,E,K,K,A,B,S,U, ,3,101400,450-09,17,11,8,0,0.863,0.096,2,4,70,48,0,154.18,155.04,I010 ,0.863,D,61,A,B,L,I,4,154.514,30.439829,-91.203196,14:50,7,,450-09-1-010,0.096,0,0,Z,S,R,C
2017,201709301701013889-,2017-09-30,11,A,0,B, ,02,0,SA,0,1,A,0,B,A,Z,B,154.903,0,0,2,17,0,10,A,A,A,0,E,A,A,A,A,Y,A,,,S ,S ,S ,S ,60,BB  ,B,B,V,EE  ,E,E,Y,K,B,B,D,U, ,3,101400,450-09,17,11,8,0,0.863,0.726,2,4,70,48,0,154.18,155.04,I010 ,0.863,D,61,A,B,Y,P,4,155.144,30.439248,-91.192657,11:30,7,,450-09-1-010,0.726,0,0,Z,U,R,C
2017,20170039046-,2017-10-03,4,C,0,B, ,03,0,TU,0,0,A,0,A,C,G,J,154.441,0,0,2,17,0,10,A,A,C,0,E,A,A,A,A,B,A,55,55,S ,S ,S ,S ,60,HB  ,H,B,R,WW  ,W,W,K,K,A,B,S,U, ,3,101400,450-09,17,11,8,0,0.863,0.262,2,4,70,48,0,154.18,155.04,I010 ,0.863,D,61,A,B,L,P,4,154.68,30.439766,-91.200414,04:30,7,,450-09-2-010,0.692,0,0,Z,S,R,D
2017,20170022670-,2017-10-05,13,C,0,A, ,00,0,TH,0,0,A,0,A,A,B,B,154.46,0,0,2,17,0,10,A,A,C,0,E,A,A,A,A,B,A,25,0,S ,S ,S ,S ,60,BA  ,B,A,R,EE  ,E,E,K,K,A,K,S,U, ,3,101400,450-09,17,11,8,0,0.863,0.281,2,4,70,48,0,154.18,155.04,I010 ,0.863,D,61,A,B,L,I,4,154.699,30.439646,-91.200099,13:34,3,,450-09-1-010,0.281,0,0,Z,M,R,D
2017,171009085502375-,2017-10-06,12,C,0,E, ,00,0,FR,0,0,A,0,C,A,A,B,154.665,0,0,2,17,0,10,A,A,D,0,E,A,A,A,A,B,A,,,S ,S ,S ,S ,60,BQ  ,B,Q,R,EE  ,E,E,K,K,B,B,S,U, ,3,101400,450-09,17,11,8,0,0.863,0.487,2,4,70,48,0,154.18,155.04,I010 ,0.863,D,61,A,B,L,P,4,154.905,30.439453,-91.19665,12:58,2,,450-09-1-010,0.487,0,0,Z,U,R,C
2017,201710081701014322-,2017-10-08,2,A,0,B, ,02,0,SU,0,0,A,0,B,B,D,B,154.941,1,0,3,17,0,10,A,A,C,0,D,A,A,A,A,B,A,,,S ,S ,S ,S ,55,BAA ,B,A,R,WWW ,W,W,K,K,A,S,C,U, ,2,101400,450-09,17,11,8,0,0.863,0.764,2,4,70,48,0,154.18,155.04,I010 ,0.863,D,61,E, ,A,P,4,155.182,30.439298,-91.192012,02:45,7,,450-09-2-010,0.19,0,0,Z,R,O,B
2017,171011085708797-,2017-10-10,13,C,0,E, ,00,0,TU,0,0,A,0,C,A,A,J,154.444,0,0,2,17,0,10,A,A,D,0,E,A,A,A,A,B,A,,,S ,S ,S ,S ,60,HB  ,H,B,S,EE  ,E,E,K,K,S,A,C,U, ,3,101400,450-09,17,11,8,0,0.863,0.265,2,4,70,48,0,154.18,155.04,I010 ,0.863,D,61,A,B,L,P,4,154.683,30.439658,-91.200369,13:30,2,,450-09-1-010,0.265,0,0,Z,S,R,D
2017,171011102510930-,2017-10-10,17,C,0,A, ,00,0,TU,0,0,A,0,C,A,G,B,154.499,0,0,2,17,0,10,A,A,A,0,E,A,A,A,A,B,A,,,S ,S ,S ,S ,60,BA  ,B,A,R,WW  ,W,W,K,K,S,B,D,U, ,3,101400,450-09,17,11,8,0,0.863,0.32,2,4,70,48,0,154.18,155.04,I010 ,0.863,D,61,A,B,L,I,4,154.738,30.439731,-91.199443,17:02,2,,450-09-2-010,0.634,0,0,Z,U,R,D
2017,201710101701014412-,2017-10-10,9,C,0,B, ,02,0,TU,0,0,A,0,B,A,Z,A,155.024,1,0,1,17,0,10,A,A,D,0,C,B,A,A,C,Y, ,,,AA,  ,AA,  ,60,B   ,B, ,V,W   ,W, ,K, ,B, ,S, , ,2,101400,450-09,17,11,8,0,0.863,0.847,2,4,70,48,0,154.18,155.04,I010 ,0.863,I,61,A,B,P, ,4,155.265,30.439218,-91.190628,09:50,3,,450-09-2-010,0.107,1,1,Z,H,R,B
2017,171011222252570-,2017-10-11,19,A,0,B, ,00,0,WE,0,1,A,0,C,C,Z,J,154.459,0,0,2,17,0,10,A,A,D,0,E,A,B,A,B,Y,A,,,S ,S ,S ,S ,60,HB  ,H,B,R,WW  ,W,W,Y,K,A,A,U,U, ,3,101400,450-09,17,11,8,0,0.863,0.28,2,4,70,48,0,154.18,155.04,I010 ,0.863,D,61,B, ,P,P,4,154.698,30.439768,-91.200106,19:40,3,,450-09-2-010,0.674,0,0,Z,S,R,D
2017,201710111701014478-,2017-10-11,14,C,0,B, ,02,0,WE,0,0,A,0,B,A,B,J,154.943,0,0,2,17,0,10,A,A,D,0,E,A,A,A,A,B,A,,,S ,S ,S ,S ,60,HB  ,H,B,Z,EE  ,E,E,K,K,A,A,C,U, ,3,101400,450-09,17,11,8,0,0.863,0.766,2,4,70,48,0,154.18,155.04,I010 ,0.863,D,61,B, ,L,P,4,155.184,30.439205,-91.191994,14:20,7,,450-09-1-010,0.766,0,0,Z,S,R,E