CRASH_YEAR,CRASH_NUM,CRASH_DATE,CRASH_HOUR,ACCESS_CNTL_CD,ALCOHOL,ALIGNMENT_CD,BYPASS,CITY_CD,CONST_MAINT_ZN,DAY_OF_WK,DOTD_PROP_DAM,HIT_AND_RUN,HWY_TYPE_CD,INTERSECTION,INVEST_AGENCY_CD,LIGHTING_CD,LOC_TYPE_CD,MAN_COLL_CD,MILE_POST,NUM_TOT_INJ,NUM_TOT_KIL,NUM_VEH,PARISH_CD,POP_CD,PRI_HWY_NUM,ROAD_COND_CD,ROAD_REL_CD,ROAD_TYPE_CD,RR_TRAIN_INV,SEVERITY_CD,SURF_COND_CD,SURF_TYPE_CD,TROOP,WEATHER_CD,DR_COND_CD1,DR_COND_CD2,EST_SPEED1,EST_SPEED2,F_HARM_EV_CD1,F_HARM_EV_CD2,M_HARM_EV_CD1,M_HARM_EV_CD2,POSTED_SPEED,PRIOR_MOVEMENTS,PRIOR_MOVEMENT_CD1,PRIOR_MOVEMENT_CD2,TRAFF_CNTL_CD,TRAVEL_DIRS,TRAVEL_DIR1,TRAVEL_DIR2,VEH_COND_CD1,VEH_COND_CD2,VEH_TYPE_CD1,VEH_TYPE_CD2,VIOLATIONS_CD1,VIOLATIONS_CD2,PED_COND,ACC_CLASS,ADT,CSECT,DOTD_PARISH,FUN_CLASS,HWY_CLASS,LOGMI_FROM,LOGMI_TO,LOGMILE,MED_WIDTH,NUM_LANES,PAVE_TYPE,PAVE_WIDTH,PEDESTRIAN,MILEPOST_FROM,MILEPOST_TO,ROUTE,SEC_LENGTH,TYPE_ACC,DISTRICT,PRI_CONTRIB_FAC,SEC_CONTRIB_FAC,MOVEMENT_REASON_1,MOVEMENT_REASON_2,URBAN_AREA,MILEPOINT,dotd_latitude,dotd_longitude,crash_time,spotted_by,intersection_id,lrs_id,lrs_logmile,roadway_departure,lane_departure,location_type,crash_type,contributing_factor,veh_severity_cd
2017,201710131701014619-,2017-10-12,13,C,0,B, ,03,0,TH,0,0,A,0,B,A,Z,J,154.448,0,0,2,17,0,10,A,A,D,0,E,A,A,A,A,B,A,,,S ,S ,S ,S ,60,HB  ,H,B,R,EE  ,E,E,K,K,Q,A,C,U, ,3,101400,450-09,17,11,8,0,0.863,0.269,2,4,70,48,0,154.18,155.04,I010 ,0.863,D,61,B, ,L,P,4,154.687,30.439669,-91.200296,13:31,7,,450-09-1-010,0.269,0,0,Z,Q,R,E
2017,201710131701014585-,2017-10-13,12,C,0,B, ,02,0,FR,0,1,A,0,B,A,Z,B,154.729,0,0,2,17,0,10,A,A,C,0,E,A,A,A,A,Y,A,,,S ,S ,S ,S ,60,BA  ,B,A,R,EE  ,E,E,Y,K, ,B,D,U, ,3,101400,450-09,17,11,8,0,0.863,0.551,2,4,70,48,0,154.18,155.04,I010 ,0.863,D,61,A,B,Y,P,4,154.969,30.439411,-91.195593,12:57,7,,450-09-1-010,0.551,0,0,Z,U,R,E
2017,201710161701014771-,2017-10-13,17,C,0,B, ,02,0,FR,0,0,A,0,B,A,B,B,154.757,0,0,2,17,0,10,A,A,D,0,E,A,A,A,B,B,A,,,S ,S ,S ,S ,60,BA  ,B,A,R,WW  ,W,W,K,K,S,B,D,U, ,3,101400,450-09,17,11,8,0,0.863,0.579,2,4,70,48,0,154.18,155.04,I010 ,0.863,D,61,A, ,L,P,4,154.997,30.439471,-91.195102,17:35,7,,450-09-2-010,0.375,0,0,Z,U,R,C
2017,201710131701014574-,2017-10-13,9,B,0,A, ,02,0,FR,0,0,A,0,B,A,C,B,155.04,0,0,3,17,0,10,A,A,A,0,E,A,B,A,A,B,A,5,3,S ,S ,S ,S ,30,DAA ,D,A,Z,EWW ,E,W,K,K,P,A,T,U, ,3,101400,450-09,17,11,8,0,0.863,0.863,2,4,70,48,0,154.18,155.04,I010 ,0.863,D,61,A,B,P,P,4,155.281,30.436431,-91.186894,09:11,2,,450-09-E-020,0.034,0,0,Z,Q,R,D
2017,201710151701014688-,2017-10-15,10,C,0,Z, ,02,0,SU,0,0,A,0,B,A,B,B,155.04,1,0,2,17,0,10,A,A,A,0,D,A,A,A,B,B,A,,,S ,S ,S ,S ,40,BQ  ,B,Q,V,EE  ,E,E,K,K,B,S,D,U, ,2,101400,450-09,17,11,X,0,0.863,0.863,2,4,70,48,0,154.18,155.04,I010 ,0.863,D,61,A, ,L,P,4,155.281,30.44137,-91.187432,10:08,7,,450-09-L-010,0.01,0,0,Z,U,R,D
2017,201710161701014759-,2017-10-16,15,C,0,B, ,03,0,MO,0,0,A,0,B,A,A,B,154.693,1,0,3,17,0,10,A,A,D,0,D,A,A,A,A,B,A,,,S ,S ,S ,S ,60,QAA ,Q,A,R,EEE ,E,E,K,K,Q,B,D,U, ,2,101400,450-09,17,11,8,0,0.863,0.515,2,4,70,48,0,154.18,155.04,I010 ,0.863,D,61,A, ,L,P,4,154.933,30.439447,-91.196194,15:09,7,,450-09-1-010,0.515,0,0,Z,Q,R,C
2017,201710181701014845-,2017-10-17,17,C,0,B, ,02,0,TU,0,1,A,0,B,A,B,J,154.901,0,0,2,17,0,10,A,A,D,0,E,A,A,A,A,Y,A,,,S ,S ,S ,S ,60,HB  ,H,B,Y,EE  ,E,E,Y,K, ,A,Y,U, ,3,101400,450-09,17,11,8,0,0.863,0.724,2,4,70,48,0,154.18,155.04,I010 ,0.863,D,61,B, ,Y,P,4,155.142,30.43925,-91.192688,17:52,7,,450-09-1-010,0.724,0,0,Z,S,R,C
2017,201710191701014928-,2017-10-19,16,A,0,A, ,00,0,TH,0,0,A,0,B,A,Z,Z,154.227,0,0,3,17,0,10,A,A,Z,0,E,A,A,A,A,B,A,0,0,S ,S ,S ,S ,60,BAB ,B,A,R,WWW ,W,W,K,K,M,S,S,U, ,3,101400,450-09,17,11,8,0,0.863,0.047,2,4,70,48,0,154.18,155.04,I010 ,0.863,D,61,A, ,L,H,4,154.465,30.439855,-91.204012,16:37,3,,450-09-1-010,0.047,0,0,A,Q,R,C
2017,20170036203-,2017-10-19,14,C,0,B, ,03,0,TH,0,0,A,0,A,A,G,B,154.495,2,0,3,17,0,10,A,A,D,0,D,A,A,A,A,B,A,60,60,S ,S ,S ,S ,60,BQQ ,B,Q,R,WWW ,W,W,K,K,C,A,S,U, ,2,101400,450-09,17,11,8,0,0.863,0.316,2,4,70,48,0,154.18,155.04,I010 ,0.863,D,61,A,B,L,A,4,154.734,30.439716,-91.199501,14:10,7,,450-09-2-010,0.638,0,0,Z,R,R,D
2017,201710201701014974-,2017-10-19,14,C,0,E, ,02,0,TH,0,0,A,0,B,A,Z,B,154.928,0,0,3,17,0,10,A,A,C,0,E,A,A,A,A,B,A,,,S ,S ,S ,S ,40,BAA ,B,A,R,WWW ,W,W,K,K,P,S,S,U, ,3,101400,450-09,17,11,8,0,0.863,0.751,2,4,70,48,0,154.18,155.04,I010 ,0.863,D,61,A, ,L,P,4,155.169,30.439309,-91.19223,14:24,7,,450-09-2-010,0.203,0,0,Z,Q,R,C
2017,20170042551-,2017-10-21,19,C,0,G, ,03,0,SA,0,0,A,0,A,C,G,B,154.449,1,0,2,17,0,10,A,A,C,0,D,B,A,A,C,B,A,15,0,S ,S ,S ,S ,60,BA  ,B,A,R,EE  ,E,E,K,K,H,A,D,U, ,2,101400,450-09,17,11,8,0,0.863,0.27,2,4,70,48,0,154.18,155.04,I010 ,0.863,D,61,A,B,L,I,4,154.688,30.439668,-91.200276,19:50,7,,450-09-1-010,0.27,0,0,Z,K,R,D
2017,171027133426547-,2017-10-25,16,C,0,A, ,00,0,WE,0,0,A,0,C,A,G,J,154.19,0,0,2,17,0,10,A,A,D,0,E,A,B,A,A,B,A,,,S ,S ,S ,S ,60,HA  ,H,A,R,EE  ,E,E,K,K,L,A,C,U, ,3,101400,450-09,17,11,8,0,0.863,0.01,2,4,70,48,0,154.18,155.04,I010 ,0.863,D,61,A,B,L,P,4,154.428,30.439898,-91.204625,16:38,2,,450-09-1-010,0.01,0,0,Z,Q,R,D
2017,201710271701015416-,2017-10-25,18,C,0,B, ,02,0,WE,0,0,A,0,B,A,B,B,155.009,0,0,2,17,0,10,A,A,D,0,E,A,A,A,B,B,A,,,S ,S ,S ,S ,60,BA  ,B,A,R,EE  ,E,E,K,K,A,S,D,U, ,3,101400,450-09,17,11,8,0,0.863,0.832,2,4,70,48,0,154.18,155.04,I010 ,0.863,D,61,A, ,L,P,4,155.25,30.439139,-91.190897,18:56,7,,450-09-1-010,0.832,0,0,Z,S,R,C
2017,171026092902703-,2017-10-26,8,C,0,E, ,00,0,TH,0,0,A,0,C,A,A,B,154.289,0,0,2,17,0,10,A,A,D,0,E,A,A,A,A,B,A,,,S ,S ,S ,S ,60,BH  ,B,H,R,EE  ,E,E,K,K,A,B,D,U, ,3,101400,450-09,17,11,8,0,0.863,0.109,2,4,70,48,0,154.18,155.04,I010 ,0.863,D,61,A,B,L,P,4,154.527,30.439792,-91.202984,08:06,2,,450-09-1-010,0.109,0,0,Z,S,O,D
2017,171027223043677-,2017-10-27,18,A,0,B, ,00,0,FR,0,0,A,0,C,C,Z,B,154.659,3,0,2,17,0,10,A,A,C,0,D,B,A,A,C,A,A,,,S ,S ,S ,S ,60,BA  ,B,A,R,EE  ,E,E,K,K,A,S,D,Y, ,2,101400,450-09,17,11,8,0,0.863,0.481,2,4,70,48,0,154.18,155.04,I010 ,0.863,D,61,A,B,L,I,4,154.899,30.439462,-91.196755,18:46,3,,450-09-1-010,0.481,0,0,Z,S,R,C
2017,201710271701015422-,2017-10-27,20,A,0,B, ,02,0,FR,0,0,A,0,B,C,Z,A,155.034,0,0,1,17,0,10,A,A,Z,0,E,B,A, ,C,B, ,0,,AA,  ,AA,  ,60,B   ,B, ,R,W   ,W, ,K, ,B, ,S, , ,3,101400,450-09,17,11,8,0,0.863,0.857,2,4,70,48,0,154.18,155.04,I010 ,0.863,I,61,F,A,F, ,4,155.275,30.439181,-91.189984,20:59,7,,450-09-2-010,0.069,1,1,Z,H,O,C
2017,20170040915-,2017-11-02,20,C,0,B, ,03,0,TH,0,0,A,0,A,C,A,B,154.376,0,0,2,17,0,10,A,A,D,0,E,A,A,A,A,B,A,45,15,S ,S ,S ,S ,60,HB  ,H,B,R,EE  ,E,E,K,K,A,Q,S,U, ,3,101400,450-09,17,11,8,0,0.863,0.197,2,4,70,48,0,154.18,155.04,I010 ,0.863,D,61,A,B,L,P,4,154.615,30.439835,-91.201498,20:10,7,,450-09-2-010,0.757,0,0,Z,Q,R,D
2017,201711021701015759-,2017-11-02,21,A,0,A, ,03,0,TH,0,0,A,0,B,C,Z,B,154.674,0,0,2,17,0,10,A,A,D,0,E,A,A,A,A,B,A,,,S ,S ,S ,S ,60,BA  ,B,A,R,EE  ,E,E,K,K,A,Q,S,U, ,3,101400,450-09,17,11,8,0,0.863,0.496,2,4,70,48,0,154.18,155.04,I010 ,0.863,D,61,A, ,L,J,4,154.914,30.439552,-91.196502,21:18,7,,450-09-2-010,0.458,0,0,Z,Q,R,C
2017,171103150434117-,2017-11-03,14,A,0,B, ,02,0,FR,0,0,A,0,C,A,G,J,154.958,0,0,2,17,0,10,A,A,D,0,E,A,A,A,A,A,A,,,S ,S ,S ,S ,60,BB  ,B,B,R,EE  ,E,E,K,K,B,A,U,U, ,3,101400,450-09,17,11,8,0,0.863,0.781,2,4,70,48,0,154.18,155.04,I010 ,0.863,D,61,K,B,P,P,4,155.199,30.439161,-91.191741,14:20,3,,450-09-1-010,0.781,0,0,Z,S,R,D
2017,201711031701015788-,2017-11-03,12,C,0,A, ,02,0,FR,0,0,A,0,B,A,B,B,155.033,0,0,2,17,0,10,A,A,A,0,E,A,A,A,A,B,A,,0,S ,S ,S ,S ,60,BA  ,B,A,R,EE  ,E,E,K,K,Q,R,C,U, ,3,101400,450-09,17,11,8,0,0.863,0.856,2,4,70,48,0,154.18,155.04,I010 ,0.863,D,61,A,B,I,I,4,155.274,30.439114,-91.190493,12:42,7,,450-09-1-010,0.856,0,0,Z,Q,O,D
2017,201711081701016025-,2017-11-07,18,C,0,B, ,02,0,TU,0,0,A,0,B,C,B,J,154.925,0,0,2,17,0,10,A,A,D,0,E,A,A,A,A,B,A,,,S ,S ,S ,S ,60,HB  ,H,B,R,EE  ,E,E,K,K,L,A,C,U, ,3,101400,450-09,17,11,8,0,0.863,0.748,2,4,70,48,0,154.18,155.04,I010 ,0.863,D,61,B, ,L,P,4,155.166,30.439224,-91.192294,18:01,7,,450-09-1-010,0.748,0,0,Z,Q,R,D
2017,20170036205-,2017-11-11,9,C,0,B, ,03,0,SA,0,0,A,0,A,A,G,B,154.546,0,0,3,17,0,10,A,A,D,0,E,A,A,A,A,B,A,60,60,S ,S ,S ,S ,60,BQA ,B,Q,R,EEE ,E,E,K,K,A,S,S,U, ,3,101400,450-09,17,11,8,0,0.863,0.367,2,4,70,48,0,154.18,155.04,I010 ,0.863,D,61,A,B,L,A,4,154.785,30.439581,-91.198659,09:30,7,,450-09-1-010,0.367,0,0,Z,R,R,D
2017,201711111701016187-,2017-11-11,9,C,0,E, ,02,0,SA,0,0,A,0,B,A,A,B,154.872,0,0,2,17,0,10,A,A,A,0,E,A,A,A,A,B,A,,,S ,S ,S ,S ,60,BA  ,B,A,R,EE  ,E,E,K,K,S,C,D,U, ,3,101400,450-09,17,11,8,0,0.863,0.694,2,4,70,48,0,154.18,155.04,I010 ,0.863,D,61,A, ,L,I,4,155.112,30.439282,-91.193196,09:24,7,,450-09-1-010,0.694,0,0,Z,U,R,C
2017,201711131701016293-,2017-11-12,8,C,0,B, ,00,0,SU,0,1,A,0,B,A,Z,Z,154.286,0,0,2,17,0,10,A,A,C,0,E,A,A,A,A,Y,A,,,N ,HH,N ,HH,60,BB  ,B,B,R,EE  ,E,E,Y,K, ,S,Y,U, ,3,101400,450-09,17,11,8,0,0.863,0.106,2,4,70,48,0,154.18,155.04,I010 ,0.863,K,61,A,B,Y,P,4,154.524,30.439792,-91.203026,08:35,3,,450-09-1-010,0.106,0,0,Z,U,R,D
2017,201711121701016231-,2017-11-12,12,C,0,B, ,02,0,SU,0,0,A,0,B,A,Z,B,154.804,0,0,2,17,0,10,A,A,D,0,E,A,A,A,A,B,A,,,S ,S ,S ,S ,60,BB  ,B,B,V,WW  ,W,W,K,K,B,S,S,U, ,3,101400,450-09,17,11,8,0,0.863,0.626,2,4,70,48,0,154.18,155.04,I010 ,0.863,D,61,A,B,P,P,4,155.044,30.439342,-91.194336,12:44,7,,450-09-1-010,0.626,0,0,Z,U,R,D
2017,171113104542773-,2017-11-13,16,C,0,G, ,03,0,MO,0,0,A,0,C,A,Z,B,154.596,0,0,2,17,0,10,A,A,C,0,E,A,A, ,A,A,A,0,,S ,S ,S ,S ,60,HQ  ,H,Q,R,EE  ,E,E,K,K,A,S,C,U, ,3,101400,450-09,17,11,8,0,0.863,0.417,2,4,70,48,0,154.18,155.04,I010 ,0.863,D,61,A,B,J,P,4,154.835,30.439524,-91.197819,16:10,7,,450-09-1-010,0.417,0,0,Z,S,O,C
2017,201711141701016301-,2017-11-13,15,A,0,A, ,02,0,MO,0,0,A,0,B,A,Z,B,154.746,0,0,2,17,0,10,A,A,D,0,E,A,A,A,B,B,A,,,S ,S ,S ,S ,60,HB  ,H,B,R,WW  ,W,W,K,K,B,B,F,U, ,3,101400,450-09,17,11,8,0,0.863,0.568,2,4,70,48,0,154.18,155.04,I010 ,0.863,D,61,B, ,L,P,4,154.986,30.439396,-91.1953,15:20,7,,450-09-1-010,0.568,0,0,Z,U,R,C
2017,201711141701016311-,2017-11-14,7,A,0,A, ,03,0,TU,0,0,A,0,B,A,Z,B,154.325,0,0,2,17,0,10,A,A,A,0,E,A,A,A,A,C,A,,,S ,S ,S ,S ,60,BA  ,B,A,R,EE  ,E,E,K,K,A,A,S,U, ,3,101400,450-09,17,11,8,0,0.863,0.146,2,4,70,48,0,154.18,155.04,I010 ,0.863,D,61,A, ,L,P,4,154.564,30.439779,-91.202363,07:53,7,,450-09-1-010,0.146,0,0,Z,S,O,C
2017,201711141701016312-,2017-11-14,8,C,0,G, ,03,0,TU,0,0,A,1,B,A,Z,B,154.694,0,0,2,17,0,10,A,A,C,0,E,A,A,A,A,A,A,,,S ,S ,S ,S ,60,BB  ,B,B,R,WW  ,W,W,K,K,B,A,S,U, ,3,101400,450-09,17,11,8,0,0.863,0.516,2,4,70,48,0,154.18,155.04,I010 ,0.863,D,61,A, ,P,P,4,154.934,30.439534,-91.196168,08:01,7,,450-09-2-010,0.438,0,0,Z,S,R,C
2017,201711141701016354-,2017-11-14,6,A,0,A, ,02,0,TU,0,0,A,0,B,A,A,B,154.799,0,0,4,17,0,10,A,A,A,0,E,A,A,A,A,C,C,,,S ,S ,S ,S ,60,BBBB,B,B,R,WWWW,W,W,K,K,A,C,S,D, ,3,101400,450-09,17,11,8,0,0.863,0.621,2,4,70,48,0,154.18,155.04,I010 ,0.863,D,61,A, ,L,L,4,155.039,30.439432,-91.194398,06:02,7,,450-09-2-010,0.333,0,0,Z,R,O,C
2017,171120091048143-,2017-11-15,16,Y,0,Y, ,03,0,WE,0,0,A,1,C,Y,Z,Z,154.344,0,0,2,17,0,10,Z,Y,Y,0,E,Y,Y,A,Y,Y,Y,,,YY,YY,  ,  ,0 ,ZZ  ,Z,Z,Y,E   , ,E,Y,Y,A,C,Y,Y, ,3,101400,450-09,17,11,8,0,0.863,0.165,2,4,70,48,0,154.18,155.04,I010 ,0.863,J,61,B,K,Y,Y,4,154.583,30.439761,-91.202031,16:00,7,17I-10@ERNEST WILSON,450-09-1-010,0.165,0,0,Z,S,O,D
2017,201711241701016801-,2017-11-24,6,A,0,A, ,02,0,FR,0,1,A,1,B,A,Z,J,154.912,0,0,2,17,0,10,A,A,A,0,E,A,A,A,A,Y,A,,,S ,S ,S ,S ,60,ZB  ,Z,B,Y,WW  ,W,W,Y,K,Q,A,Y,U, ,3,101400,450-09,17,11,8,0,0.863,0.735,2,4,70,48,0,154.18,155.04,I010 ,0.863,D,61,A, ,Y,P,4,155.153,30.439323,-91.192499,06:04,7,,450-09-2-010,0.219,0,0,Z,Q,R,C
2017,201711241701016810-,2017-11-24,11,A,0,A, ,02,0,FR,0,0,A,1,B,A,Z,J,154.93,0,0,2,17,0,10,A,A,A,0,E,A,A,A,A,C,A,,,S ,S ,S ,S ,60,HB  ,H,B,R,WW  ,W,W,K,K,B,A,S,U, ,3,101400,450-09,17,11,8,0,0.863,0.753,2,4,70,48,0,154.18,155.04,I010 ,0.863,D,61,A,A,L,P,4,155.171,30.439218,-91.192199,11:38,7,,450-09-1-010,0.753,0,0,Z,S,O,C
2017,201711251701016869-,2017-11-25,20,A,0,A, ,02,0,SA,0,0,A,1,B,C,Z,K,154.735,0,0,2,17,0,10,A,A,C,0,E,A,A,A,A,B,A,,,S ,S ,S ,S ,60,HB  ,H,B,R,WW  ,W,W,K,K,A,A,Z,U, ,3,101400,450-09,17,11,8,0,0.863,0.557,2,4,70,48,0,154.18,155.04,I010 ,0.863,D,61,A,B,L,P,4,154.975,30.439406,-91.195493,20:28,7,,450-09-1-010,0.557,0,0,Z,S,R,D
2017,201711261701016895-,2017-11-26,13,C,0,A, ,02,0,SU,0,0,A,0,B,A,B,B,154.997,0,0,3,17,0,10,A,A,A,0,E,A,A,A,A,B,A,,,S ,S ,S ,S ,60,BAA ,B,A,R,EEE ,E,E,K,K,A,A,D,U, ,3,101400,450-09,17,11,8,0,0.863,0.82,2,4,70,48,0,154.18,155.04,I010 ,0.863,D,61,A,B,L,P,4,155.238,30.439149,-91.191095,13:40,7,,450-09-1-010,0.82,0,0,Z,R,R,D
2017,201712141701017820-,2017-11-27,17,C,0,E, ,02,0,MO,0,0,A,0,B,C,Z,B,154.789,0,0,2,17,0,10,A,A,C,0,E,A,A,A,A,B,A,,,S ,S ,S ,S ,60,BA  ,B,A,R,WW  ,W,W,K,K,A,S,S,U, ,3,101400,450-09,17,11,8,0,0.863,0.611,2,4,70,48,0,154.18,155.04,I010 ,0.863,D,61,A,B,L,P,4,155.029,30.439441,-91.194571,17:20,7,,450-09-2-010,0.343,0,0,Z,S,R,C
2017,171202111314000-,2017-12-02,6,C,0,B, ,03,0,SA,0,0,A,0,B,F,A,A,154.476,0,0,1,17,0,10,K,A,A,0,E,B,A,A,D,B, ,,,S ,  ,AA,  ,35,Y   ,Y, ,V,N   ,N, ,K, ,A, ,S, , ,3,101400,450-09,17,11,8,0,0.863,0.297,2,4,70,48,0,154.18,155.04,I010 ,0.863,D,61,B,A,L, ,4,154.715,30.439646,-91.199822,06:51,7,,450-09-1-010,0.297,1,1,D,H,O,C
2017,171204212441630-,2017-12-04,17,A,0,A, ,00,0,MO,0,0,A,0,C,C,Z,J,154.25,0,0,2,17,0,10,A,A,C,0,E,A,A,A,B,Y,A,,,S ,S ,S ,S ,60,HB  ,H,B,R,WW  ,W,W,K,K,S,P,F,U, ,3,101400,450-09,17,11,8,0,0.863,0.07,2,4,70,48,0,154.18,155.04,I010 ,0.863,D,61,A,B,L,P,4,154.488,30.439944,-91.203618,17:49,3,,450-09-2-010,0.884,0,0,Z,Q,R,D
2017,171205155426124-,2017-12-04,16,C,0,B, ,03,0,MO,0,0,A,0,C,E,Z,B,154.665,0,0,3,17,0,10,A,A,Z,0,E,A,A,A,A,B,A,,,S ,S ,S ,S ,55,BQZ ,B,Q,R,EEE ,E,E,K,K,A,S,D,U, ,3,101400,450-09,17,11,8,0,0.863,0.487,2,4,70,48,0,154.18,155.04,I010 ,0.863,D,61,A,B,L,P,4,154.905,30.439477,-91.196656,16:50,7,,450-09-1-010,0.487,0,0,Z,R,R,B
2017,201712061701017386-,2017-12-06,13,C,0,A, ,02,0,WE,0,0,A,0,B,A,A,B,155.04,0,0,2,17,0,10,A,A,A,0,E,B,A,A,C,B,A,,,S ,S ,S ,S ,60,QQ  ,Q,Q,R,WW  ,W,W,K,K,B,A,D,U, ,3,101400,450-09,17,11,8,0,0.863,0.863,2,4,70,48,0,154.18,155.04,I010 ,0.863,D,61,B, ,I,I,4,155.281,30.439067,-91.189702,13:37,7,,450-09-C-010,0,0,0,Z,S,O,D
2017,20170048375-,2017-12-12,17,C,0,A, ,03,0,TU,0,0,A,0,A,C,G,J,154.478,0,0,2,17,0,10,A,A,D,0,E,A,A,A,A,B,A,15,15,S ,S ,S ,S ,60,HB  ,H,B,R,EE  ,E,E,K,K,V,A,F,U, ,3,101400,450-09,17,11,8,0,0.863,0.299,2,4,70,48,0,154.18,155.04,I010 ,0.863,D,61,A,B,L,P,4,154.717,30.439642,-91.199798,17:00,7,,450-09-1-010,0.299,0,0,Z,K,R,D
2017,201712131701017804-,2017-12-13,17,C,0,B, ,02,0,WE,0,0,A,0,B,C,Z,J,154.937,0,0,2,17,0,10,A,A,D,0,E,A,A,A,B,B,A,,,S ,S ,S ,S ,60,HB  ,H,B,R,EE  ,E,E,K,K,Q,A,C,U, ,3,101400,450-09,17,11,8,0,0.863,0.76,2,4,70,48,0,154.18,155.04,I010 ,0.863,D,61,B, ,L,P,4,155.178,30.439211,-91.192093,17:50,7,,450-09-1-010,0.76,0,0,Z,Q,R,C
2017,20170042188-,2017-12-16,9,C,0,E, ,00,0,SA,0,0,A,0,A,A,G,A,154.708,0,0,2,17,0,10,A,A,D,0,E,A,A,A,B,A,A,45,50,E ,E ,E ,E ,60,BB  ,B,B,R,WW  ,W,W,Z,K,B,A,Q,U, ,3,101400,450-09,17,11,8,0,0.863,0.53,2,4,70,48,0,154.18,155.04,I010 ,0.863,K,61,E,B,P,P,4,154.948,30.439524,-91.195927,09:10,3,,450-09-2-010,0.424,0,0,Z,F,O,E
2017,201712221701018310-,2017-12-20,17,C,0,B, ,02,0,WE,0,0,A,0,B,B,B,B,154.948,1,0,3,17,0,10,A,A,D,0,D,A,A,A,B,B,A,,,S ,S ,S ,S ,60,BQQ ,B,Q,R,WWW ,W,W,K,K,B,A,D,U, ,2,101400,450-09,17,11,8,0,0.863,0.771,2,4,70,48,0,154.18,155.04,I010 ,0.863,D,61,A, ,L,P,4,155.189,30.439291,-91.1919,17:37,7,,450-09-2-010,0.183,0,0,Z,R,R,B
2017,201712221701018286-,2017-12-22,15,C,0,E, ,02,0,FR,0,0,A,0,B,A,Z,B,154.77,0,0,2,17,0,10,A,A,C,0,E,A,A,A,A,B,A,,,S ,S ,S ,S ,60,BA  ,B,A,S,EE  ,E,E,K,K,B,S,D,U, ,3,101400,450-09,17,11,8,0,0.863,0.592,2,4,70,48,0,154.18,155.04,I010 ,0.863,D,61,B, ,L,P,4,155.01,30.439374,-91.194902,15:04,7,,450-09-1-010,0.592,0,0,Z,U,R,D
2017,201712231701018351-,2017-12-23,15,C,0,A, ,02,0,SA,0,0,A,0,B,A,Z,B,155.04,0,0,3,17,0,10,A,A,C,0,E,A,A,A,A,B,A,,,S ,S ,S ,S ,60,BAA ,B,A,S,EEE ,E,E,K,K,B,S,S,U, ,3,101400,450-09,17,11,8,0,0.863,0.863,2,4,70,48,0,154.18,155.04,I010 ,0.863,D,61,A, ,L,P,4,155.281,30.438965,-91.188864,15:02,7,,450-09-C-010,0.05,0,0,Z,R,R,D
2017,201712241701018391-,2017-12-23,15,C,0,B, ,02,0,SA,0,0,A,0,B,A,Z,J,155.04,0,0,3,17,0,10,A,A,D,0,E,A,B,A,A,B,A,,,S ,S ,S ,S ,60,HBB ,H,B,R,EEE ,E,E,K,K,A,B,S,U, ,3,101400,450-09,17,11,8,0,0.863,0.863,2,4,70,48,0,154.18,155.04,I010 ,0.863,D,61,B, ,L,P,4,155.281,30.439321,-91.187058,15:27,7,,450-09-L-010,0.235,0,0,Z,R,R,C
2017,171227132316200-,2017-12-27,11,C,0,E, ,03,0,WE,0,0,A,0,C,A,Z,B,154.668,0,0,2,17,0,10,A,A,C,0,E,B,A,A,B,B,A,,,S ,S ,S ,S ,60,HB  ,H,B,R,EE  ,E,E,K,K,B,S,S,U, ,3,101400,450-09,17,11,8,0,0.863,0.49,2,4,70,48,0,154.18,155.04,I010 ,0.863,D,61,A,B,L,P,4,154.908,30.439474,-91.196607,11:21,7,,450-09-1-010,0.49,0,0,Z,U,R,D
2017,201712271701018460-,2017-12-27,11,C,0,B, ,02,0,WE,0,0,A,0,B,A,A,B,154.925,1,0,4,17,0,10,A,A,C,0,D,A,A,A,B,B,B,,,S ,S ,S ,S ,60,BBAB,B,B,R,WWWW,W,W,K,K,S,Q,D,D, ,2,101400,450-09,17,11,8,0,0.863,0.748,2,4,70,48,0,154.18,155.04,I010 ,0.863,D,61,A, ,I,I,4,155.166,30.439224,-91.192299,11:12,7,,450-09-1-010,0.748,0,0,Z,Q,O,C
2017,201712291701018560-,2017-12-29,14,A,0,A, ,02,0,FR,0,0,A,0,B,A,Z,B,155.034,0,0,2,17,0,10,A,A,Z,0,E,A,A, ,A,B,A,0,0,S ,S ,S ,S ,60,BB  ,B,B,R,WW  ,W,W,K,K,A,B,D,U, ,3,101400,450-09,17,11,8,0,0.863,0.857,2,4,70,48,0,154.18,155.04,I010 ,0.863,D,61,A, ,L,H,4,155.275,30.439183,-91.19001,14:07,7,,450-09-2-010,0.07,0,0,A,S,O,D