CRASH_YEAR,CRASH_NUM,CRASH_DATE,CRASH_HOUR,ACCESS_CNTL_CD,ALCOHOL,ALIGNMENT_CD,BYPASS,CITY_CD,CONST_MAINT_ZN,DAY_OF_WK,DOTD_PROP_DAM,HIT_AND_RUN,HWY_TYPE_CD,INTERSECTION,INVEST_AGENCY_CD,LIGHTING_CD,LOC_TYPE_CD,MAN_COLL_CD,MILE_POST,NUM_TOT_INJ,NUM_TOT_KIL,NUM_VEH,PARISH_CD,POP_CD,PRI_HWY_NUM,ROAD_COND_CD,ROAD_REL_CD,ROAD_TYPE_CD,RR_TRAIN_INV,SEVERITY_CD,SURF_COND_CD,SURF_TYPE_CD,TROOP,WEATHER_CD,DR_COND_CD1,DR_COND_CD2,EST_SPEED1,EST_SPEED2,F_HARM_EV_CD1,F_HARM_EV_CD2,M_HARM_EV_CD1,M_HARM_EV_CD2,POSTED_SPEED,PRIOR_MOVEMENTS,PRIOR_MOVEMENT_CD1,PRIOR_MOVEMENT_CD2,TRAFF_CNTL_CD,TRAVEL_DIRS,TRAVEL_DIR1,TRAVEL_DIR2,VEH_COND_CD1,VEH_COND_CD2,VEH_TYPE_CD1,VEH_TYPE_CD2,VIOLATIONS_CD1,VIOLATIONS_CD2,PED_COND,ACC_CLASS,ADT,CSECT,DOTD_PARISH,FUN_CLASS,HWY_CLASS,LOGMI_FROM,LOGMI_TO,LOGMILE,MED_WIDTH,NUM_LANES,PAVE_TYPE,PAVE_WIDTH,PEDESTRIAN,MILEPOST_FROM,MILEPOST_TO,ROUTE,SEC_LENGTH,TYPE_ACC,DISTRICT,PRI_CONTRIB_FAC,SEC_CONTRIB_FAC,MOVEMENT_REASON_1,MOVEMENT_REASON_2,URBAN_AREA,MILEPOINT,dotd_latitude,dotd_longitude,crash_time,spotted_by,intersection_id,lrs_id,lrs_logmile,roadway_departure,lane_departure,location_type,crash_type,contributing_factor,veh_severity_cd
2018,181004103508967-,2018-10-03,15,C,0,G, ,03,0,WE,0,0,A,0,C,A,A,B,154.505,4,0,3,17,0,10,A,A,A,0,D,A,A, ,A,B,A,,,S ,S ,S ,S ,60,BQA ,B,Q,R,EEE ,E,E,K,K,L,C,S,U, ,2,101400,450-09,17,11,8,0,0.863,0.326,2,4,70,48,0,154.18,155.04,I010 ,0.863,D,61,A,B,L,I,4,154.744,30.439618,-91.199349,15:46,7,,450-09-1-010,0.326,0,0,Z,Q,R,B
2018,201810071701013398-,2018-10-07,13,C,0,E, ,02,0,SU,0,0,A,1,B,A,Z,B,154.907,7,0,3,17,0,10,A,A,C,0,C,A,A, ,A,B,A,,,S ,S ,S ,S ,60,BAA ,B,A,S,WWW ,W,W,K,K,P,S,S,U, ,2,101400,450-09,17,11,8,0,0.863,0.73,2,4,70,48,0,154.18,155.04,I010 ,0.863,D,61,A, ,L,P,4,155.148,30.439244,-91.192595,13:40,7,,450-09-1-010,0.73,0,0,Z,Q,R,C
2018,201810091701013458-,2018-10-08,22,C,0,A, ,02,0,MO,0,0,A,0,B,D,B,B,154.829,0,0,2,17,0,10,A,A,D,0,E,A,A, ,A,A,A,,,S ,S ,S ,S ,60,BB  ,B,B,Z,WW  ,W,W,K,K,A,Z,D,U, ,3,101400,450-09,17,11,8,0,0.863,0.651,2,4,70,48,0,154.18,155.04,I010 ,0.863,D,61,A,B,L,P,4,155.069,30.439405,-91.193899,22:17,7,,450-09-2-010,0.303,0,0,Z,K,R,C
2018,201810101701013537-,2018-10-10,15,A,0,A, ,02,0,WE,0,1,A,1,B,A,Z,J,155.028,0,0,2,17,0,10,A,A,D,0,E,A,A, ,A,Y,A,,,S ,S ,S ,S ,35,ZB  ,Z,B,Y,WW  ,W,W,Y,K, ,A,Y,U, ,3,101400,450-09,17,11,8,0,0.863,0.851,2,4,70,48,0,154.18,155.04,I010 ,0.863,D,61,A,B,Y,P,4,155.269,30.439214,-91.190568,15:57,7,17I-10@RIVER,450-09-2-010,0.103,0,0,Z,S,R,D
2018,201810121701013664-,2018-10-12,19,A,0,A, ,02,0,FR,0,0,A,0,B,C,Z,B,155.04,0,0,3,17,0,10,A,A,D,0,E,A,A, ,A,Y,A,,,S ,S ,S ,S ,60,ZAA ,Z,A,Y,WEE ,W,E,Y,K, ,S,Y,U, ,3,101400,450-09,17,11,8,0,0.863,0.863,2,4,70,48,0,154.18,155.04,I010 ,0.863,D,61,A, ,Y,P,4,155.281,30.438964,-91.188857,19:17,7,,450-09-C-010,0.051,0,0,Z,R,R,D
2018,201810211701014105-,2018-10-21,15,C,0,E, ,03,0,SU,0,0,A,1,B,A,Z,B,154.479,0,0,2,17,0,10,A,A,C,0,E,A,A, ,A,B,A,,,S ,S ,S ,S ,60,BA  ,B,A,S,WW  ,W,W,K,K,S,A,S,U, ,3,101400,450-09,17,11,8,0,0.863,0.3,2,4,70,48,0,154.18,155.04,I010 ,0.863,D,61,A, ,L,I,4,154.718,30.439641,-91.199786,15:02,7,,450-09-1-010,0.3,0,0,Z,S,R,E
2018,181022073405084-,2018-10-22,4,A,0,B, ,03,0,MO,0,0,A,0,C,A,Z,J,154.325,1,0,2,17,0,10,A,A,Z,0,C,A,A, ,A,B,A,,,S ,S ,S ,S ,60,HB  ,H,B,R,WW  ,W,W,K,K,Q,A,R,U, ,2,101400,450-09,17,11,8,0,0.863,0.146,2,4,70,48,0,154.18,155.04,I010 ,0.863,D,61,A,B,A,P,4,154.564,30.439887,-91.202352,04:46,7,,450-09-2-010,0.808,0,0,Z,Q,O,B
2018,181024190515729-,2018-10-23,5,C,0,E, ,03,0,TU,0,0,A,0,C,A,G,B,154.46,1,0,3,17,0,10,A,A,D,0,D,B,A, ,C,B,B,,,S ,S ,S ,S ,50,BHA ,B,H,R,WWW ,W,W,K,K,Q,B,D,D, ,2,101400,450-09,17,11,8,0,0.863,0.281,2,4,70,48,0,154.18,155.04,I010 ,0.863,D,61,A,B,L,L,4,154.699,30.439769,-91.200084,05:25,7,,450-09-2-010,0.673,0,0,Z,Q,R,C
2018,20180018092-,2018-10-24,1,C,0,B, ,03,0,WE,0,0,A,0,A,C,G,B,154.376,1,0,3,17,0,10,Z,A,D,0,D,A,A,A,A,B,A,60,0,S ,S ,S ,S ,65,HAB ,H,A,R,EEE ,E,E,K,K,A,A,S,U, ,2,101400,450-09,17,11,8,0,0.863,0.197,2,4,70,48,0,154.18,155.04,I010 ,0.863,D,61,A,B,L,M,4,154.615,30.439733,-91.201498,01:23,7,,450-09-1-010,0.197,0,0,Z,R,O,D
2018,20180040140-,2018-10-29,5,C,0,A, ,02,0,MO,0,0,A,0,A,C,G,J,154.859,0,0,2,17,0,10,A,A,D,0,E,A,A,A,D,B,A,40,50,S ,S ,S ,S ,50,HB  ,H,B,R,WW  ,W,W,K,K,A,A,F,U, ,3,101400,450-09,17,11,8,0,0.863,0.681,2,4,70,48,0,154.18,155.04,I010 ,0.863,D,61,A,B,L,P,4,155.099,30.439375,-91.1934,05:30,7,,450-09-2-010,0.273,0,0,Z,S,R,D
2018,201810291701014534-,2018-10-29,15,A,0,A, ,02,0,MO,0,0,A,0,B,A,A,B,155.031,0,0,2,17,0,10,A,A,A,0,E,A,A, ,A,B,A,,,S ,S ,S ,S ,50,BB  ,B,B,R,EW  ,E,W,K,K,S,B,D,U, ,3,101400,450-09,17,11,8,0,0.863,0.854,2,4,70,48,0,154.18,155.04,I010 ,0.863,D,61,A, ,L,P,4,155.272,30.439214,-91.1905,15:24,7,,450-09-2-010,0.099,0,0,Z,U,R,C
2018,201811051701014925-,2018-10-31,7,C,0,A, ,02,0,WE,0,1,A,0,B,A,C,B,154.975,0,0,2,17,0,10,A,A,A,0,E,A,A, ,A,Y,A,,,S ,S ,S ,S ,60,BA  ,B,A,R,EE  ,E,E,Y,K, ,S,D,U, ,3,101400,450-09,17,11,8,0,0.863,0.798,2,4,70,48,0,154.18,155.04,I010 ,0.863,D,61,A, ,Y,I,4,155.216,30.439171,-91.191443,07:52,7,,450-09-1-010,0.798,0,0,Z,U,R,E
2018,20180043961-,2018-11-01,5,C,0,B, ,03,0,TH,0,0,A,0,A,C,G,B,154.544,0,0,2,17,0,10,A,A,B,0,E,B,A,A,C,B,A,20,0,S ,S ,S ,S ,55,BA  ,B,A,R,WW  ,W,W,K,K,B,A,S,U, ,3,101400,450-09,17,11,8,0,0.863,0.365,2,4,70,48,0,154.18,155.04,I010 ,0.863,D,61,A,B,L,I,4,154.783,30.439582,-91.198701,05:15,7,,450-09-1-010,0.365,0,0,Z,S,R,D
2018,201811041701014881-,2018-11-03,11,A,0,A, ,02,0,SA,0,0,A,0,B,A,Z,J,154.806,0,0,2,17,0,10,A,A,A,0,E,A,A, ,A,B,A,,,S ,S ,S ,S ,60,HB  ,H,B,R,EE  ,E,E,K,K,Q,A,C,U, ,3,101400,450-09,17,11,8,0,0.863,0.628,2,4,70,48,0,154.18,155.04,I010 ,0.863,D,61,A, ,P,P,4,155.046,30.439341,-91.194308,11:42,7,,450-09-1-010,0.628,0,0,Z,Q,R,D
2018,181106084931391-,2018-11-06,9,C,0,F, ,03,0,TU,0,0,A,0,B,A,G,B,154.197,0,0,2,17,0,10,A,A,A,0,E,B,A, ,C,B,A,,,S ,S ,S ,S ,35,BA  ,B,A,V,EE  ,E,E,K,K,C,S,D,U, ,3,101400,450-09,17,11,X,0,0.863,0.017,2,4,70,48,0,154.18,155.04,I010 ,0.863,D,61,B,A,L,P,4,154.435,30.439884,-91.20451,09:30,7,,450-09-1-010,0.017,0,0,Z,U,O,C
2018,20180043963-,2018-11-06,20,C,0,B, ,03,0,TU,0,0,A,0,A,C,G,J,154.412,0,0,2,17,0,10,A,A,C,0,E,A,A,A,A,Y,A,45,45,S ,S ,S ,S ,55,HB  ,H,B,R,EE  ,E,E,Y,K,N,N,Y,U, ,3,101400,450-09,17,11,8,0,0.863,0.233,2,4,70,48,0,154.18,155.04,I010 ,0.863,D,61,A,B,Y,P,4,154.651,30.439702,-91.200897,20:45,7,,450-09-1-010,0.233,0,0,Z,Q,R,D
2018,181108061806780-,2018-11-08,5,C,0,B, ,03,0,TH,0,0,A,0,C,C,B,J,154.374,0,0,2,17,0,10,A,A,C,0,E,B,A,A,B,B,A,,,S ,S ,S ,S ,60,HB  ,H,B,R,EE  ,E,E,K,K,A,A,S,U, ,3,101400,450-09,17,11,8,0,0.863,0.195,2,4,70,48,0,154.18,155.04,I010 ,0.863,D,61,A,B,A,P,4,154.613,30.439844,-91.201517,05:10,7,,450-09-2-010,0.759,0,0,Z,S,O,D
2018,201811081701015155-,2018-11-08,17,A,0,A, ,02,0,TH,0,0,A,0,B,A,A,J,155.04,0,0,2,17,0,10,A,A,A,0,E,A,A, ,A,B,A,,,S ,S ,S ,S ,60,HB  ,H,B,R,EE  ,E,E,K,K,S,B,C,U, ,3,101400,450-09,17,11,8,0,0.863,0.863,2,4,70,48,0,154.18,155.04,I010 ,0.863,D,61,A, ,L,P,4,155.281,30.437361,-91.186133,17:08,7,,450-09-C-010,0.257,0,0,Z,U,R,D
2018,201811131701015372-,2018-11-13,4,C,0,C, ,03,0,TU,0,0,A,0,B,C,C,A,154.523,0,0,1,17,0,10,A,A,C,0,E,B,A, ,B,B, ,,,AA,  ,AA,  ,60,B   ,B, ,R,W   ,W, ,K, ,B, ,S, , ,3,101400,450-09,17,11,8,0,0.863,0.344,2,4,70,48,0,154.18,155.04,I010 ,0.863,I,61,A,B,L, ,4,154.762,30.43969,-91.199031,04:40,7,,450-09-2-010,0.61,1,1,Z,H,R,C
2018,201811131701015388-,2018-11-13,13,C,0,A, ,02,0,TU,0,0,A,0,B,A,C,J,155.04,0,0,2,17,0,10,A,A,D,0,E,A,A, ,A,A,A,,,S ,S ,S ,S ,60,BB  ,B,B,R,EE  ,E,E,K,K,A,S,F,U, ,3,101400,450-09,17,11,8,0,0.863,0.863,2,4,70,48,0,154.18,155.04,I010 ,0.863,D,61,A, ,L,P,4,155.281,30.436402,-91.185388,13:14,7,,450-09-C-010,0.337,0,0,Z,S,R,C
2018,20180045581-,2018-11-18,10,C,0,E, ,03,0,SU,0,0,A,0,A,A,A,B,154.448,0,0,2,17,0,10,A,A,D,0,E,A,A,A,A,B,A,20,25,S ,S ,S ,S ,60,BB  ,B,B,R,EE  ,E,E,K,K,B,M,D,U, ,3,101400,450-09,17,11,8,0,0.863,0.269,2,4,70,48,0,154.18,155.04,I010 ,0.863,D,61,A,B,L,P,4,154.687,30.439669,-91.200289,10:33,7,,450-09-1-010,0.269,0,0,Z,Q,R,C
2018,201811181701015653-,2018-11-18,18,C,0,A, ,02,0,SU,0,0,A,1,B,A,Z,J,155.04,0,0,2,17,0,10,A,A,Z,0,E,A,B, ,A,B,B,,,S ,S ,S ,S ,60,HH  ,H,H,R,EE  ,E,E,K,K,A,A,C,C, ,3,101400,450-09,17,11,8,0,0.863,0.863,2,4,70,48,0,154.18,155.04,I010 ,0.863,D,61,A, ,L,L,4,155.281,30.436645,-91.1872,18:15,7,17LA30@I-10,450-09-E-020,0.058,0,0,Z,S,R,D
2018,201811251701015930-,2018-11-19,14,B,0,A, ,03,0,MO,0,1,A,0,B,A,Z,B,154.669,0,0,3,17,0,10,A,A,D,0,E,B,A, ,C,B,Y,,,S ,S ,S ,S ,60,QZB ,Q,Z,R,EEE ,E,E,K,Y,A, ,D,U, ,3,101400,450-09,17,11,8,0,0.863,0.491,2,4,70,48,0,154.18,155.04,I010 ,0.863,D,61,B,F,L,P,4,154.909,30.439473,-91.196594,14:05,7,,450-09-1-010,0.491,0,0,Z,R,R,C
2018,181126104858382-,2018-11-21,11,C,0,E, ,03,0,WE,0,0,A,0,C,A,A,B,154.324,0,0,3,17,0,10,A,A,D,0,E,A,A, ,A,B,A,,,S ,S ,S ,S ,60,BBA ,B,B,R,EEE ,E,E,K,K,A,A,S,U, ,3,101400,450-09,17,11,8,0,0.863,0.145,2,4,70,48,0,154.18,155.04,I010 ,0.863,D,61,A,B,L,P,4,154.563,30.439887,-91.202365,11:00,7,,450-09-2-010,0.809,0,0,Z,R,R,C
2018,201811211701015779-,2018-11-21,13,C,0,B, ,02,0,WE,0,0,A,0,B,A,C,J,154.874,0,0,2,17,0,10,A,A,A,0,E,A,A, ,A,B,A,,,S ,S ,S ,S ,60,HB  ,H,B,R,EE  ,E,E,K,K,A,S,R,U, ,3,101400,450-09,17,11,8,0,0.863,0.696,2,4,70,48,0,154.18,155.04,I010 ,0.863,D,61,A, ,L,P,4,155.114,30.439281,-91.193171,13:09,7,,450-09-1-010,0.696,0,0,Z,S,R,C
2018,181125162357409-,2018-11-25,15,C,0,E, ,03,0,SU,0,0,A,0,C,A,Z,B,154.336,0,0,2,17,0,10,A,A,D,0,E,B,A, ,B,B,A,,0,S ,S ,S ,S ,60,HA  ,H,A,R,WW  ,W,W,K,K,A,S,D,U, ,3,101400,450-09,17,11,8,0,0.863,0.157,2,4,70,48,0,154.18,155.04,I010 ,0.863,D,61,A,B,L,I,4,154.575,30.439876,-91.202152,15:30,7,,450-09-2-010,0.797,0,0,Z,S,R,C
2018,201811271701016018-,2018-11-25,2,A,0,B, ,03,0,SU,0,0,A,0,B,A,B,B,154.696,0,0,2,17,0,10,A,A,A,0,E,A,A, ,A,B,A,,,S ,S ,S ,S ,60,BB  ,B,B,R,WW  ,W,W,K,K,A,A,D,U, ,3,101400,450-09,17,11,8,0,0.863,0.518,2,4,70,48,0,154.18,155.04,I010 ,0.863,D,61,A,A,K,P,4,154.936,30.439532,-91.196134,02:09,7,,450-09-2-010,0.436,0,0,Z,S,O,B
2018,201812031701016293-,2018-12-03,2,C,0,A, ,03,0,MO,0,0,A,0,B,C,B,Z,154.468,0,0,2,17,0,10,A,A,D,0,E,A,A, ,A,B,A,,,S ,S ,S ,S ,60,BB  ,B,B,R,WW  ,W,W,K,K,P,M,F,U, ,3,101400,450-09,17,11,8,0,0.863,0.289,2,4,70,48,0,154.18,155.04,I010 ,0.863,D,61,A,B,L,P,4,154.707,30.439651,-91.199968,02:43,7,,450-09-1-010,0.289,0,0,Z,Q,R,D
2018,201812031701016299-,2018-12-03,7,C,0,A, ,02,0,MO,0,0,A,0,B,A,C,B,155.04,0,0,2,17,0,10,A,A,D,0,E,A,A, ,A,A,A,,,S ,S ,S ,S ,60,BB  ,B,B,R,EE  ,E,E,K,K,A,B,D,U, ,3,101400,450-09,17,11,8,0,0.863,0.863,2,4,70,48,0,154.18,155.04,I010 ,0.863,D,61,A, ,L,P,4,155.281,30.436577,-91.18553,07:37,7,,450-09-C-010,0.323,0,0,Z,S,R,B
2018,181204092422687-,2018-12-04,7,C,0,E, ,03,0,TU,0,1,A,0,C,A,Z,B,154.185,0,0,3,17,0,10,A,A,C,0,E,A,A, ,A,B,A,,,S ,S ,S ,S ,60,BBB ,B,B,R,EEE ,E,E,K,K,A,S,D,U, ,3,101400,450-09,17,11,8,0,0.863,0.005,2,4,70,48,0,154.18,155.04,I010 ,0.863,D,61,A,B,L,A,4,154.423,30.439906,-91.204723,07:47,7,,450-09-1-010,0.005,0,0,Z,R,R,D
2018,201812041701016358-,2018-12-04,9,C,0,G, ,02,0,TU,0,0,A,0,B,A,C,B,154.81,0,0,3,17,0,10,A,A,D,0,E,A,B, ,A,B,A,,,S ,S ,S ,S ,60,BAA ,B,A,V,WWW ,W,W,K,K,Q,S,D,U, ,3,101400,450-09,17,11,8,0,0.863,0.632,2,4,70,48,0,154.18,155.04,I010 ,0.863,D,61,A,B,K,P,4,155.05,30.439337,-91.194226,09:21,7,,450-09-1-010,0.632,0,0,Z,Q,O,B
2018,181206091630161-,2018-12-05,7,C,0,E, ,03,0,WE,0,0,A,0,C,A,Z,B,154.279,0,0,2,17,0,10,A,A,C,0,E,A,A, ,A,A,A,,,S ,S ,S ,S ,60,HB  ,H,B,R,EE  ,E,E,K,K,A,A,C,U, ,3,101400,450-09,17,11,8,0,0.863,0.099,2,4,70,48,0,154.18,155.04,I010 ,0.863,D,61,A,B,L,P,4,154.517,30.439827,-91.203152,07:20,7,,450-09-1-010,0.099,0,0,Z,S,R,D
2018,20180047428-,2018-12-07,19,C,0,A, ,03,0,FR,0,0,A,0,A,A,G,B,154.418,0,0,2,17,0,10,A,A,B,0,E,A,A,A,A,C,A,45,45,S ,S ,S ,S ,60,BB  ,B,B,R,EE  ,E,E,K,K,A,S,S,U, ,3,101400,450-09,17,11,8,0,0.863,0.239,2,4,70,48,0,154.18,155.04,I010 ,0.863,D,61,A,B,L,P,4,154.657,30.439697,-91.2008,19:46,7,,450-09-1-010,0.239,0,0,Z,S,O,E
2018,201812071701016535-,2018-12-07,18,A,0,Z, ,02,0,FR,0,0,A,0,B,C,Z,J,155.03,1,0,2,17,0,10,A,A,C,0,D,A,A, ,A,A,A,,,S ,S ,S ,S ,60,HB  ,H,B,R,EE  ,E,E,K,K,A,S,C,U, ,2,101400,450-09,17,11,8,0,0.863,0.853,2,4,70,48,0,154.18,155.04,I010 ,0.863,D,61,A, ,L,P,4,155.271,30.439118,-91.190551,18:19,7,,450-09-1-010,0.853,0,0,Z,S,R,C
2018,181212093150813-,2018-12-12,8,C,0,E, ,03,0,WE,0,1,A,0,C,A,A,J,154.292,0,0,2,17,0,10,A,A,D,0,E,A,A, ,A,Y,A,,,S ,S ,S ,S ,60,ZB  ,Z,B,R,EE  ,E,E,Y,K, ,A,C,U, ,3,101400,450-09,17,11,8,0,0.863,0.112,2,4,70,48,0,154.18,155.04,I010 ,0.863,D,61,A,B,L,P,4,154.53,30.439787,-91.202934,08:40,7,,450-09-1-010,0.112,0,0,Z,S,R,D
2018,201812161701016968-,2018-12-16,17,A,0,A, ,02,0,SU,0,0,A,0,B,C,Z,Z,155.011,2,0,2,17,0,10,A,A,Z,0,D,A,A, ,A,B,A,0,0,S ,S ,S ,S ,60,HB  ,H,B,R,EE  ,E,E,K,K,Q,A,S,U, ,2,101400,450-09,17,11,8,0,0.863,0.834,2,4,70,48,0,154.18,155.04,I010 ,0.863,D,61,A, ,L,H,4,155.252,30.439139,-91.190864,17:52,7,,450-09-1-010,0.834,0,0,A,Q,R,B
2018,181218100155529-,2018-12-18,8,C,0,E, ,03,0,TU,0,0,A,0,C,A,Z,J,154.49,0,0,2,17,0,10,A,A,C,0,E,A,A, ,D,A,A,,,S ,S ,S ,S ,6 ,BB  ,B,B,R,EE  ,E,E,K,K,Q,C,C,U, ,3,101400,450-09,17,11,8,0,0.863,0.311,2,4,70,48,0,154.18,155.04,I010 ,0.863,D,61,A,B,L,P,4,154.729,30.439631,-91.199597,08:32,7,,450-09-1-010,0.311,0,0,Z,Q,R,E
2018,201812221701017300-,2018-12-22,18,A,0,A, ,03,0,SA,0,0,A,1,B,C,Z,J,154.333,0,0,2,17,0,10,A,A,B,0,E,A,A, ,A,B,A,,,S ,S ,S ,S ,60,HB  ,H,B,R,WW  ,W,W,K,K,S,S,F,U, ,3,101400,450-09,17,11,8,0,0.863,0.154,2,4,70,48,0,154.18,155.04,I010 ,0.863,D,61,A,B,L,P,4,154.572,30.439879,-91.202208,18:04,7,17I-10@ERNEST WILSON,450-09-2-010,0.8,0,0,Z,U,R,E
2018,181222104020611-,2018-12-22,8,C,0,A, ,03,0,SA,0,0,A,0,C,A,Z,B,154.63,1,0,3,17,0,10,A,A,D,0,D,A,A, ,A,B,A,,,S ,S ,S ,S ,65,BAA ,B,A,R,EEE ,E,E,K,K,A,S,C,U, ,2,101400,450-09,17,11,8,0,0.863,0.452,2,4,70,48,0,154.18,155.04,I010 ,0.863,D,61,A,D,Y,I,4,154.87,30.439512,-91.197247,08:18,7,,450-09-1-010,0.452,0,0,Z,R,R,C
2018,201812231701017318-,2018-12-23,18,A,0,A, ,03,0,SU,0,0,A,1,B,A,B,J,154.333,0,0,2,17,0,10,A,A,B,0,E,A,A, ,A,B,A,,,S ,S ,S ,S ,60,HB  ,H,B,R,EE  ,E,E,K,K,A,B,F,U, ,3,101400,450-09,17,11,8,0,0.863,0.154,2,4,70,48,0,154.18,155.04,I010 ,0.863,D,61,A,B,L,I,4,154.572,30.439879,-91.202208,18:04,7,17I-10@ERNEST WILSON,450-09-2-010,0.8,0,0,Z,S,R,E
2018,20180048248-,2018-12-27,21,C,1,B, ,03,0,TH,0,0,A,0,A,C,G,B,154.323,0,0,2,17,0,10,A,A,D,0,E,B,A,A,B,G,A,70,50,S ,S ,S ,S ,60,BB  ,B,B,R,EE  ,E,E,K,K,A,B,S,U, ,3,101400,450-09,17,11,8,0,0.863,0.143,2,4,70,48,0,154.18,155.04,I010 ,0.863,D,61,D,A,K,P,4,154.561,30.439781,-91.202398,21:50,7,,450-09-1-010,0.143,0,0,Z,S,O,C
2018,20180048193-,2018-12-27,16,C,1,A, ,02,0,TH,0,1,A,0,A,A,C,J,154.945,0,0,2,17,0,10,A,A,C,0,E,B,B,A,C,G,A,50,50,S ,S ,S ,S ,50,HB  ,H,B,R,WW  ,W,W,K,K,L,S,R,U, ,3,101400,450-09,17,11,8,0,0.863,0.768,2,4,70,48,0,154.18,155.04,I010 ,0.863,D,61,A,B,M,P,4,155.186,30.439294,-91.191939,16:35,7,,450-09-2-010,0.186,0,0,Z,Q,O,D
2019,201901021701000042-,2019-01-02,17,C,0,E, ,02,0,WE,0,0,A,1,B,C,Z,B,155.006,0,0,2,17,0,10,A,A,C,0,E,B,A,A,B,B,A,,,S ,S ,S ,S ,60,BA  ,B,A,R,WW  ,W,W,K,K,A,S,D,U, ,3,101400,450-09,17,11,8,0,0.863,0.829,2,4,70,48,0,154.18,155.04,I010 ,0.863,D,61,A, ,L,I,4,155.247,30.439235,-91.190926,17:37,7,,450-09-2-010,0.125,0,0,Z,S,R,D
2019,190107085134577-,2019-01-04,15,C,0,E, ,03,0,FR,0,0,A,0,C,A,A,B,154.643,4,0,2,17,0,10,A,A,A,0,B,A,A,A,A,B,A,,,S ,S ,S ,S ,60,BQ  ,B,Q,R,EE  ,E,E,K,K,B,P,C,U, ,2,101400,450-09,17,11,8,0,0.863,0.465,2,4,70,48,0,154.18,155.04,I010 ,0.863,D,61,A,B,L,I,4,154.883,30.439477,-91.197028,15:29,7,,450-09-1-010,0.465,0,0,Z,Q,R,B
2019,201901111701000419-,2019-01-10,14,A,0,E, ,02,0,TH,0,0,A,0,B,A,B,J,154.884,0,0,2,17,0,10,A,A,A,0,E,A,A,A,A,B,A,,,S ,S ,S ,S ,60,HB  ,H,B,R,WW  ,W,W,K,K,A,B,C,U, ,3,101400,450-09,17,11,8,0,0.863,0.706,2,4,70,48,0,154.18,155.04,I010 ,0.863,D,61,D,A,K,P,4,155.124,30.439229,-91.192998,14:58,7,,450-09-1-010,0.706,0,0,Z,S,O,D
2019,201902181701002019-,2019-01-24,16,A,0,A, ,02,0,TH,0,0,A,0,B,A,Z,J,154.949,0,0,2,17,0,10,A,A,A,0,E,A,A,A,A,B,A,,,S ,S ,S ,S ,60,HH  ,H,H,R,EE  ,E,E,K,K,A,A,Z,Z, ,3,101400,450-09,17,11,8,0,0.863,0.772,2,4,70,48,0,154.18,155.04,I010 ,0.863,D,61,A, ,Z,Z,4,155.19,30.439169,-91.191895,16:39,7,,450-09-1-010,0.772,0,0,Z,S,O,D
2019,201901311701001190-,2019-01-31,8,A,0,A, ,02,0,TH,0,0,A,0,B,A,Z,B,155.003,0,0,4,17,0,10,A,A,C,0,E,A,A,A,A,B,A,,,S ,S ,S ,S ,60,BAAA,B,A,R,EEEE,E,E,K,K,S,A,D,D, ,3,101400,450-09,17,11,8,0,0.863,0.826,2,4,70,48,0,154.18,155.04,I010 ,0.863,D,61,A,B,L,J,4,155.244,30.439238,-91.190979,08:37,7,,450-09-2-010,0.128,0,0,Z,R,R,D
2019,201902011701001219-,2019-01-31,22,C,0,A, ,02,0,TH,0,0,A,0,B,C,C,A,155.036,1,0,3,17,0,10,A,A,D,0,C,A,A,A,A,A,A,,,S ,S ,S ,S ,60,ABB ,A,B,R,SSS ,S,S,G,K,A,A,U,U, ,2,101400,450-09,17,11,8,0,0.863,0.859,2,4,70,48,0,154.18,155.04,I010 ,0.863,D,61,E, ,M,P,4,155.277,30.439158,-91.189576,22:55,7,,450-09-2-010,0.044,0,0,Z,R,O,B
2019,201902051701001431-,2019-02-05,12,C,0,A, ,02,0,TU,0,1,A,0,B,A,Z,J,155.018,0,0,2,17,0,10,A,A,D,0,E,Y,A,A,B,Y,A,,,S ,S ,S ,S ,45,HB  ,H,B,R,EE  ,E,E,Y,K,Q,Q,S,U, ,3,101400,450-09,17,11,8,0,0.863,0.841,2,4,70,48,0,154.18,155.04,I010 ,0.863,D,61,B,B,Y,P,4,155.259,30.439104,-91.19074,12:54,7,,450-09-1-010,0.841,0,0,Z,Q,R,C
2019,201902071701001564-,2019-02-07,15,C,0,B, ,02,0,TH,0,0,A,0,B,A,Z,B,154.979,1,0,3,17,0,10,A,A,D,0,D,A,B,A,A,B,A,,0,S ,S ,S ,S ,60,BAA ,B,A,V,EEE ,E,E,K,K,S,S,S,U, ,2,101400,450-09,17,11,8,0,0.863,0.802,2,4,70,48,0,154.18,155.04,I010 ,0.863,D,61,B, ,L,I,4,155.22,30.439142,-91.19139,15:44,7,,450-09-1-010,0.802,0,0,Z,R,R,C