CRASH_YEAR,CRASH_NUM,CRASH_DATE,CRASH_HOUR,ACCESS_CNTL_CD,ALCOHOL,ALIGNMENT_CD,BYPASS,CITY_CD,CONST_MAINT_ZN,DAY_OF_WK,DOTD_PROP_DAM,HIT_AND_RUN,HWY_TYPE_CD,INTERSECTION,INVEST_AGENCY_CD,LIGHTING_CD,LOC_TYPE_CD,MAN_COLL_CD,MILE_POST,NUM_TOT_INJ,NUM_TOT_KIL,NUM_VEH,PARISH_CD,POP_CD,PRI_HWY_NUM,ROAD_COND_CD,ROAD_REL_CD,ROAD_TYPE_CD,RR_TRAIN_INV,SEVERITY_CD,SURF_COND_CD,SURF_TYPE_CD,TROOP,WEATHER_CD,DR_COND_CD1,DR_COND_CD2,EST_SPEED1,EST_SPEED2,F_HARM_EV_CD1,F_HARM_EV_CD2,M_HARM_EV_CD1,M_HARM_EV_CD2,POSTED_SPEED,PRIOR_MOVEMENTS,PRIOR_MOVEMENT_CD1,PRIOR_MOVEMENT_CD2,TRAFF_CNTL_CD,TRAVEL_DIRS,TRAVEL_DIR1,TRAVEL_DIR2,VEH_COND_CD1,VEH_COND_CD2,VEH_TYPE_CD1,VEH_TYPE_CD2,VIOLATIONS_CD1,VIOLATIONS_CD2,PED_COND,ACC_CLASS,ADT,CSECT,DOTD_PARISH,FUN_CLASS,HWY_CLASS,LOGMI_FROM,LOGMI_TO,LOGMILE,MED_WIDTH,NUM_LANES,PAVE_TYPE,PAVE_WIDTH,PEDESTRIAN,MILEPOST_FROM,MILEPOST_TO,ROUTE,SEC_LENGTH,TYPE_ACC,DISTRICT,PRI_CONTRIB_FAC,SEC_CONTRIB_FAC,MOVEMENT_REASON_1,MOVEMENT_REASON_2,URBAN_AREA,MILEPOINT,dotd_latitude,dotd_longitude,crash_time,spotted_by,intersection_id,lrs_id,lrs_logmile,roadway_departure,lane_departure,location_type,crash_type,contributing_factor,veh_severity_cd
2019,201905151701006318-,2019-05-15,13,B,0,A, ,02,0,WE,0,0,A,0,B,A,Z,J,154.964,0,0,2,17,0,10,A,A,A,0,E,A,A,A,A,Y,A,,,S ,S ,S ,S ,30,BB  ,B,B,R,WW  ,W,W,K,K,C,B,Y,U, ,3,101400,450-09,17,11,8,0,0.863,0.787,2,4,70,48,0,154.18,155.04,I010 ,0.863,D,61,B,B,P,P,4,155.205,30.439276,-91.191629,13:07,7,,450-09-2-010,0.167,0,0,Z,U,R,D
2019,190517081239833-,2019-05-16,13,C,0,E, ,03,0,TH,0,0,A,0,C,A,A,B,154.478,0,0,2,17,0,10,A,A,D,0,E,A,A,A,A,B,A,,,S ,S ,S ,S ,60,BB  ,B,B,R,EE  ,E,E,K,K,S,A,D,U, ,3,101400,450-09,17,11,8,0,0.863,0.299,2,4,70,48,0,154.18,155.04,I010 ,0.863,D,61,A,B,L,P,4,154.717,30.439754,-91.199789,13:15,7,,450-09-2-010,0.655,0,0,Z,S,R,D
2019,201905181701006458-,2019-05-18,10,B,0,B, ,02,0,SA,0,0,A,0,B,A,B,B,154.788,0,0,2,17,0,10,A,A,D,0,E,A,A,A,A,B,A,,,S ,S ,S ,S ,50,BA  ,B,A,R,EE  ,E,E,K,K,A,A,D,U, ,3,101400,450-09,17,11,8,0,0.863,0.61,2,4,70,48,0,154.18,155.04,I010 ,0.863,D,61,A,B,L,P,4,155.028,30.439323,-91.194598,10:33,7,,450-09-1-010,0.61,0,0,Z,S,R,E
2019,201905191701006483-,2019-05-18,11,A,0,B, ,02,0,SA,0,0,A,0,B,A,B,B,154.788,0,0,2,17,0,10,A,A,D,0,E,A,A,A,B,B,A,,0,S ,S ,S ,S ,60,BA  ,B,A,R,EE  ,E,E,K,K,B,A,D,U, ,3,101400,450-09,17,11,8,0,0.863,0.61,2,4,70,48,0,154.18,155.04,I010 ,0.863,D,61,B, ,L,I,4,155.028,30.439324,-91.194611,11:46,7,,450-09-1-010,0.61,0,0,Z,S,R,D
2019,201905241701006729-,2019-05-24,10,B,0,B, ,02,0,FR,0,0,A,0,B,A,Z,B,155.027,0,0,2,17,0,10,A,A,D,0,E,A,A,A,A,A,A,,,S ,S ,S ,S ,50,BA  ,B,A,R,EE  ,E,E,K,K,S,S,D,U, ,3,101400,450-09,17,11,8,0,0.863,0.85,2,4,70,48,0,154.18,155.04,I010 ,0.863,D,61,A,B,L,P,4,155.268,30.439097,-91.1906,10:49,7,17I-10@RIVER,450-09-1-010,0.85,0,0,Z,U,R,C
2019,190603141520337-,2019-05-31,10,C,0,G, ,03,0,FR,0,0,A,0,C,A,A,B,154.623,2,0,2,17,0,10,A,A,A,0,D,A,A,A,A,B,A,,,S ,S ,  ,  ,60,QQ  ,Q,Q,R,WW  ,W,W,K,K,B,A,C,U, ,2,101400,450-09,17,11,8,0,0.863,0.445,2,4,70,48,0,154.18,155.04,I010 ,0.863,D,61,A,B,I,I,4,154.863,30.439618,-91.197357,10:19,7,,450-09-2-010,0.509,0,0,Z,S,O,C
2019,201906041701007163-,2019-06-04,7,A,0,A, ,03,0,TU,0,0,A,0,B,A,B,B,154.418,0,0,3,17,0,10,A,A,A,0,E,A,A,A,A,B,A,,,S ,S ,S ,S ,60,QAA ,Q,A,R,WWW ,W,W,K,K,A,S,D,U, ,3,101400,450-09,17,11,8,0,0.863,0.239,2,4,70,48,0,154.18,155.04,I010 ,0.863,D,61,A, ,L,P,4,154.657,30.439679,-91.200801,07:33,7,,450-09-1-010,0.239,0,0,Z,R,R,C
2019,190607094828118-,2019-06-06,16,C,0,G, ,03,0,TH,0,0,A,1,C,A,A,B,154.425,2,0,3,17,0,10,M,A,A,0,D,A,A,A,A,B,A,,,S ,S ,S ,S ,60,BQA ,B,Q,Z,EEE ,E,E,K,K,A,S,S,U, ,2,101400,450-09,17,11,8,0,0.863,0.246,2,4,70,48,0,154.18,155.04,I010 ,0.863,D,61,A,B,L,I,4,154.664,30.439796,-91.200667,16:57,7,,450-09-2-010,0.708,0,0,Z,F,O,B
2019,190612100943250-,2019-06-07,11,C,0,G, ,03,0,FR,0,0,A,1,C,A,A,B,154.585,8,0,3,17,0,10,A,A,A,0,D,A,A,A,A,B,A,,,S ,S ,S ,S ,60,BQQ ,B,Q,R,EEE ,E,E,K,K,S,B,C,U, ,2,101400,450-09,17,11,8,0,0.863,0.406,2,4,70,48,0,154.18,155.04,I010 ,0.863,D,61,A,B,L,I,4,154.824,30.439535,-91.198013,11:00,7,,450-09-1-010,0.406,0,0,Z,R,R,C
2019,190612152829202-,2019-06-07,13,C,0,G, ,03,0,FR,0,0,A,1,C,A,A,J,154.597,1,0,2,17,0,10,A,A,A,0,D,A,A,A,A,Z,A,,,S ,S ,  ,HH,60,ZB  ,Z,B,R,WW  ,W,W,Z,K,A,A,Y,U, ,2,101400,450-09,17,11,8,0,0.863,0.418,2,4,70,48,0,154.18,155.04,I010 ,0.863,D,61,A,B,Y,P,4,154.836,30.439645,-91.197802,13:07,7,,450-09-2-010,0.536,0,0,Z,S,O,C
2019,201906071701007335-,2019-06-07,10,A,0,A, ,02,0,FR,0,1,A,0,B,A,Z,B,154.891,0,0,3,17,0,10,A,A,C,0,E,A,A,A,A,Y,A,,,S ,S ,S ,S ,60,BAA ,B,A,R,EEE ,E,E,Y,K, ,A,Y,U, ,3,101400,450-09,17,11,8,0,0.863,0.713,2,4,70,48,0,154.18,155.04,I010 ,0.863,D,61,A,B,Y,J,4,155.131,30.439223,-91.192874,10:59,7,,450-09-1-010,0.713,0,0,Z,R,R,C
2019,201906081701007392-,2019-06-08,11,A,0,A, ,02,0,SA,0,0,A,0,B,A,B,B,155.027,0,0,3,17,0,10,A,A,C,0,E,A,A,A,A,B,A,,,S ,S ,S ,S ,60,BQA ,B,Q,R,EEE ,E,E,K,K,A,S,D,U, ,3,101400,450-09,17,11,8,0,0.863,0.85,2,4,70,48,0,154.18,155.04,I010 ,0.863,D,61,A,B,L,J,4,155.268,30.439097,-91.190595,11:28,7,17I-10@RIVER,450-09-1-010,0.85,0,0,Z,R,R,C
2019,201906101701007448-,2019-06-10,7,A,0,Z, ,02,0,MO,0,0,A,1,B,A,Z,B,155.04,0,0,2,17,0,10,A,A,A,0,E,A,A,A,A,B,A,,,S ,S ,S ,S ,35,BA  ,B,A,Z,WW  ,W,W,K,K,A,A,D,U, ,3,101400,450-09,17,11,8,0,0.863,0.863,2,4,70,48,0,154.18,155.04,I010 ,0.863,D,61,A, ,P,P,4,155.281,30.44183,-91.186456,07:39,7,17I-10@EUROPE,450-09-R-010,0,0,0,Z,S,R,D
2019,201907091701008607-,2019-06-13,8,A,0,A, ,02,0,TH,0,0,A,1,B,A,B,B,154.877,0,0,2,17,0,10,A,A,A,0,E,A,A,A,A,A,A,,,S ,S ,S ,S ,35,BB  ,B,B,R,WE  ,W,E,K,K,A,B,D,U, ,3,101400,450-09,17,11,8,0,0.863,0.699,2,4,70,48,0,154.18,155.04,I010 ,0.863,D,61,A, ,L,P,4,155.117,30.439236,-91.193109,08:30,7,,450-09-1-010,0.699,0,0,Z,S,R,D
2019,201906141701007590-,2019-06-14,5,C,0,D, ,02,0,FR,0,0,A,0,B,A,G,J,155.026,1,0,2,17,0,10,A,A,D,0,D,A,A,A,A,B,A,,,S ,A ,S ,HH,60,HB  ,H,B,R,WW  ,W,W,K,K,P,A,F,U, ,2,101400,450-09,17,11,8,0,0.863,0.849,2,4,70,48,0,154.18,155.04,I010 ,0.863,D,61,A, ,L,P,4,155.267,30.439216,-91.190599,05:30,7,,450-09-2-010,0.105,0,0,Z,Q,O,C
2019,20190012379-,2019-06-16,16,C,0,B, ,03,0,SU,0,0,A,0,A,A,A,B,154.489,0,0,2,17,0,10,A,A,D,0,E,A,A,A,A,B,A,15,5,S ,S ,S ,S ,60,BA  ,B,A,R,WW  ,W,W,K,K,Z,B,D,U, ,3,101400,450-09,17,11,8,0,0.863,0.31,2,4,70,48,0,154.18,155.04,I010 ,0.863,D,61,A,B,L,I,4,154.728,30.439744,-91.199604,16:55,7,,450-09-2-010,0.644,0,0,Z,K,R,D
2019,190622154417165-,2019-06-22,15,B,0,E, ,03,0,SA,0,0,A,0,C,A,G,B,154.456,0,0,2,17,0,10,A,A,D,0,E,A,A,A,A,B,A,,,S ,S ,S ,S ,60,BQ  ,B,Q,R,EE  ,E,E,K,K,A,B,D,U, ,3,101400,450-09,17,11,8,0,0.863,0.277,2,4,70,48,0,154.18,155.04,I010 ,0.863,D,61,B,A,Z,I,4,154.695,30.43965,-91.200165,15:09,7,,450-09-1-010,0.277,0,0,Z,S,O,B
2019,201906251701008086-,2019-06-25,16,A,0,A, ,02,0,TU,0,0,A,0,B,A,B,J,154.897,0,0,2,17,0,10,A,A,D,0,E,A,A,A,A,B,A,,,S ,S ,S ,S ,60,HB  ,H,B,R,EE  ,E,E,K,K,S,S,F,U, ,3,101400,450-09,17,11,8,0,0.863,0.719,2,4,70,48,0,154.18,155.04,I010 ,0.863,D,61,A,B,L,P,4,155.137,30.439338,-91.192757,16:08,7,,450-09-2-010,0.235,0,0,Z,U,R,C
2019,201907111701008681-,2019-06-25,16,C,0,G, ,02,0,TU,0,1,A,0,B,A,B,C,154.99,0,0,2,17,0,10,A,A,A,0,E,A,A,A,C,Y,A,,,S ,S ,S ,S ,60,DA  ,D,A,R,WW  ,W,W,Y,K, ,A,S,U, ,3,101400,450-09,17,11,8,0,0.863,0.813,2,4,70,48,0,154.18,155.04,I010 ,0.863,D,61,D,A,Y,I,4,155.231,30.43913,-91.191197,16:15,7,,450-09-1-010,0.813,0,0,Z,S,O,D
2019,201906261701008105-,2019-06-26,15,C,0,E, ,02,0,WE,0,0,A,1,B,A,Z,B,154.864,1,0,2,17,0,10,A,A,C,0,C,A,A,A,B,B,A,,,S ,S ,S ,S ,60,HB  ,H,B,R,EE  ,E,E,K,K,A,A,C,U, ,2,101400,450-09,17,11,8,0,0.863,0.686,2,4,70,48,0,154.18,155.04,I010 ,0.863,D,61,A, ,L,P,4,155.104,30.439249,-91.193341,15:12,7,,450-09-1-010,0.686,0,0,Z,S,R,C
2019,201906261701008097-,2019-06-26,12,C,0,A, ,02,0,WE,0,1,A,0,B,A,B,B,155.016,1,0,2,17,0,10,A,A,A,0,D,A,A,A,A,Y,A,,,S ,S ,S ,S ,60,ZQ  ,Z,Q,Y,EE  ,E,E,Y,K, ,B,Y,U, ,2,101400,450-09,17,11,8,0,0.863,0.839,2,4,70,48,0,154.18,155.04,I010 ,0.863,D,61,A,B,Y,A,4,155.257,30.439106,-91.190773,12:34,7,17I-10@RIVER,450-09-1-010,0.839,0,0,Z,U,R,D
2019,201906271701008138-,2019-06-27,9,C,0,A, ,02,0,TH,0,0,A,0,B,A,B,B,154.967,0,0,2,17,0,10,A,A,A,0,E,A,A,A,A,A,A,,,S ,S ,S ,S ,60,QQ  ,Q,Q,R,EE  ,E,E,K,K,Q,Q,D,U, ,3,101400,450-09,17,11,8,0,0.863,0.79,2,4,70,48,0,154.18,155.04,I010 ,0.863,D,61,B, ,I,A,4,155.208,30.439153,-91.191589,09:09,7,,450-09-1-010,0.79,0,0,Z,Q,O,D
2019,201906281701008192-,2019-06-28,10,A,0,A, ,02,0,FR,0,0,A,1,B,A,Z,B,155.04,0,0,2,17,0,10,A,A,B,0,E,A,A,A,A,B,A,,,S ,S ,S ,S ,60,BA  ,B,A,R,EE  ,E,E,K,K,B,P,D,U, ,3,101400,450-09,17,11,8,0,0.863,0.863,2,4,70,48,0,154.18,155.04,I010 ,0.863,D,61,A,A,P,P,4,155.281,30.438937,-91.188894,10:36,7,,450-09-C-010,0.049,0,0,Z,Q,R,D
2019,201906301701008274-,2019-06-30,17,A,0,A, ,02,0,SU,0,0,A,1,B,A,Z,B,155.04,0,0,2,17,0,10,A,A,C,0,E,A,A,A,A,B,A,,,S ,S ,S ,S ,60,BA  ,B,A,R,EE  ,E,E,K,K,A,B,D,U, ,3,101400,450-09,17,11,8,0,0.863,0.863,2,4,70,48,0,154.18,155.04,I010 ,0.863,D,61,A,B,L,P,4,155.281,30.439047,-91.189699,17:26,7,,450-09-C-010,0,0,0,Z,S,R,D
2019,190701193037940-,2019-07-01,17,C,0,B, ,03,0,MO,0,0,A,0,B,A,G,B,154.496,1,0,2,17,0,10,A,A,A,0,C,A,A,A,A,A,A,,,S ,S ,S ,S ,45,BB  ,B,B,V,EE  ,E,E,K,K,B,A,D,U, ,2,101400,450-09,17,11,8,0,0.863,0.317,2,4,70,48,0,154.18,155.04,I010 ,0.863,D,61,A,B,L,P,4,154.735,30.439618,-91.199488,17:38,7,,450-09-1-010,0.317,0,0,Z,S,R,D
2019,20190021530-,2019-07-01,2,C,0,E, ,03,0,MO,0,0,A,0,A,C,G,B,154.544,2,0,2,17,0,10,A,A,D,0,D,A,A,A,A,B,A,80,60,S ,S ,S ,S ,60,BB  ,B,B,R,EE  ,E,E,K,K,A,S,S,U, ,2,101400,450-09,17,11,8,0,0.863,0.365,2,4,70,48,0,154.18,155.04,I010 ,0.863,D,61,A,B,L,P,4,154.783,30.439573,-91.198697,02:30,7,,450-09-1-010,0.365,0,0,Z,S,R,D
2019,20190005741-,2019-07-03,19,C,0,A, ,03,0,WE,1,0,A,0,A,A,G,A,154.249,1,0,1,17,0,10,A,D,C,0,D,A,A,A,A,F, ,20,,K ,  ,II,  ,70,G   ,G, ,R,E   ,E, ,K, ,A, ,U, , ,2,101400,450-09,17,11,8,0,0.863,0.069,2,4,70,48,0,154.18,155.04,I010 ,0.863,A,61,D,B,K, ,4,154.487,30.439826,-91.203649,19:35,7,,450-09-1-010,0.069,1,1,Z,P,O,D
2019,201907031701008380-,2019-07-03,11,A,0,B, ,02,0,WE,0,0,A,0,B,A,B,J,154.741,0,0,2,17,0,10,A,A,D,0,E,A,A,A,B,B,A,,,S ,S ,S ,S ,60,HB  ,H,B,R,EE  ,E,E,K,K,P,A,C,U, ,3,101400,450-09,17,11,8,0,0.863,0.563,2,4,70,48,0,154.18,155.04,I010 ,0.863,D,61,B, ,L,P,4,154.981,30.439377,-91.195391,11:14,7,,450-09-1-010,0.563,0,0,Z,Q,R,D
2019,190706062908042-,2019-07-05,13,C,0,B, ,03,0,FR,0,0,A,0,C,A,B,B,154.52,0,0,2,17,0,10,A,A,D,0,E,A,A,A,A,A,A,,,S ,S ,S ,S ,60,BQ  ,B,Q,R,EE  ,E,E,K,K,B,B,D,U, ,3,101400,450-09,17,11,8,0,0.863,0.341,2,4,70,48,0,154.18,155.04,I010 ,0.863,D,61,B,A,P,A,4,154.759,30.439595,-91.199093,13:05,7,,450-09-1-010,0.341,0,0,Z,U,R,C
2019,201907051701008465-,2019-07-05,11,C,0,E, ,00,0,FR,0,0,A,0,B,A,Z,J,154.581,0,0,2,17,0,10,A,A,D,0,E,A,A,A,A,B,A,,,S ,S ,S ,S ,55,BB  ,B,B,R,EE  ,E,E,K,K,S,A,C,U, ,3,101400,450-09,17,11,8,0,0.863,0.402,2,4,70,48,0,154.18,155.04,I010 ,0.863,D,61,A, ,L,P,4,154.82,30.439539,-91.198076,11:47,7,,450-09-1-010,0.402,0,0,Z,S,R,D
2019,201907061701008492-,2019-07-06,11,A,0,E, ,02,0,SA,0,0,A,0,B,A,B,B,155.04,0,0,2,17,0,10,A,A,A,0,E,A,A,A,A,B,A,,,S ,S ,S ,S ,60,QQ  ,Q,Q,R,EE  ,E,E,K,K,B,A,D,U, ,3,101400,450-09,17,11,8,0,0.863,0.863,2,4,70,48,0,154.18,155.04,I010 ,0.863,D,61,A, ,L,P,4,155.281,30.438937,-91.188894,11:13,7,,450-09-C-010,0.049,0,0,Z,S,R,D
2019,190712073606894-,2019-07-10,7,C,0,E, ,03,0,WE,0,0,A,0,C,A,A,B,154.397,5,0,2,17,0,10,A,A,D,0,D,A,A,A,A,B,A,,,S ,S ,S ,S ,60,BB  ,B,B,R,EE  ,E,E,K,K,S,S,S,U, ,2,101400,450-09,17,11,8,0,0.863,0.218,2,4,70,48,0,154.18,155.04,I010 ,0.863,D,61,A,B,L,P,4,154.636,30.439692,-91.201149,07:45,7,,450-09-1-010,0.218,0,0,Z,U,R,C
2019,201907161701008878-,2019-07-11,15,C,0,B, ,02,0,TH,0,0,A,0,B,A,B,B,155.033,0,0,2,17,0,10,A,A,D,0,E,A,A,A,B,B,A,,,S ,S ,S ,S ,60,BQ  ,B,Q,R,EE  ,E,E,K,K,S,A,D,U, ,3,101400,450-09,17,11,8,0,0.863,0.856,2,4,70,48,0,154.18,155.04,I010 ,0.863,D,61,A, ,L,P,4,155.274,30.439092,-91.190491,15:25,7,17I-10@RIVER,450-09-1-010,0.856,0,0,Z,S,R,D
2019,201907161701008843-,2019-07-15,20,A,0,B, ,02,0,MO,0,1,A,0,B,C,B,J,154.781,0,0,3,17,0,10,A,A,B,0,E,A,A,A,A,Y,B,,,S ,S ,S ,S ,65,BBB ,B,B,R,WWW ,W,W,Y,K, ,B,Y,C, ,3,101400,450-09,17,11,8,0,0.863,0.603,2,4,70,48,0,154.18,155.04,I010 ,0.863,D,61,C, ,E,E,4,155.021,30.439449,-91.194704,20:27,7,,450-09-2-010,0.351,0,0,Z,R,O,C
2019,190721025641536-,2019-07-19,9,C,0,E, ,03,0,FR,0,0,A,0,C,A,A,B,154.269,0,0,4,17,0,10,A,A,D,0,E,A,A,A,A,B,A,,,S ,S ,S ,S ,60,BAAA,B,A,R,EEEE,E,E,K,A,B,S,S,U, ,3,101400,450-09,17,11,8,0,0.863,0.089,2,4,70,48,0,154.18,155.04,I010 ,0.863,D,61,A,B,L,J,4,154.507,30.439807,-91.203315,09:40,7,,450-09-1-010,0.089,0,0,Z,R,R,C
2019,20190028488-,2019-07-20,10,C,0,E, ,03,0,SA,0,0,A,0,A,A,G,B,154.313,2,0,2,17,0,10,A,A,D,0,D,A,A,A,A,B,A,50,0,S ,S ,S ,S ,60,BA  ,B,A,R,EE  ,E,E,K,K,Q,A,D,U, ,2,101400,450-09,17,11,8,0,0.863,0.133,2,4,70,48,0,154.18,155.04,I010 ,0.863,D,61,A,B,L,I,4,154.551,30.439769,-91.202581,10:30,7,,450-09-1-010,0.133,0,0,Z,Q,R,D
2019,201907201701009044-,2019-07-20,14,A,0,A, ,02,0,SA,0,1,A,0,B,A,A,B,154.842,0,0,3,17,0,10,A,A,C,0,E,A,A,A,A,Y,A,,,S ,S ,S ,S ,60,BQA ,B,Q,Y,EEE ,E,E,Y,K, ,C,C,U, ,3,101400,450-09,17,11,8,0,0.863,0.664,2,4,70,48,0,154.18,155.04,I010 ,0.863,D,61,A,A,Y,P,4,155.082,30.439269,-91.193702,14:07,7,,450-09-1-010,0.664,0,0,Z,R,R,B
2019,201907221701009090-,2019-07-22,7,C,0,E, ,02,0,MO,0,0,A,0,B,A,A,B,154.819,1,0,3,17,0,10,A,A,A,0,D,A,A,A,A,B,A,,,S ,S ,S ,S ,60,BAA ,B,A,R,EEE ,E,E,K,K,L,B,D,U, ,2,101400,450-09,17,11,8,0,0.863,0.641,2,4,70,48,0,154.18,155.04,I010 ,0.863,D,61,A, ,L,I,4,155.059,30.439291,-91.194092,07:57,7,,450-09-1-010,0.641,0,0,Z,Q,R,D
2019,190725104120472-,2019-07-24,13,C,0,E, ,03,0,WE,0,0,A,0,C,A,G,B,154.526,0,0,2,17,0,10,A,A,D,0,E,A,A,A,A,B,A,,,S ,S ,S ,S ,60,BA  ,B,A,R,EE  ,E,E,K,K,A,S,D,U, ,3,101400,450-09,17,11,8,0,0.863,0.347,2,4,70,48,0,154.18,155.04,I010 ,0.863,D,61,A,B,L,I,4,154.765,30.43971,-91.198986,13:48,7,,450-09-2-010,0.607,0,0,Z,S,R,D
2019,190725125436175-,2019-07-25,11,C,0,B, ,03,0,TH,0,0,A,0,C,A,G,B,154.517,0,0,2,17,0,10,A,A,D,0,E,A,A,A,A,B,A,,,S ,S ,S ,S ,60,BA  ,B,A,R,EE  ,E,E,K,K,B,A,D,U, ,3,101400,450-09,17,11,8,0,0.863,0.338,2,4,70,48,0,154.18,155.04,I010 ,0.863,D,61,A,B,L,I,4,154.756,30.439598,-91.199143,11:57,7,,450-09-1-010,0.338,0,0,Z,S,R,D
2019,201907271701009337-,2019-07-27,10,C,0,E, ,02,0,SA,0,0,A,0,B,A,Z,B,154.973,0,0,2,17,0,10,A,A,D,0,E,A,A,A,A,B,A,,,S ,S ,S ,S ,55,BB  ,B,B,R,EE  ,E,E,K,K,P,S,D,U, ,3,101400,450-09,17,11,8,0,0.863,0.796,2,4,70,48,0,154.18,155.04,I010 ,0.863,D,61,A, ,L,P,4,155.214,30.439147,-91.191482,10:57,7,,450-09-1-010,0.796,0,0,Z,Q,R,E
2019,190730084732017-,2019-07-30,7,C,0,E, ,03,0,TU,0,0,A,0,C,A,A,J,154.3,0,0,2,17,0,10,A,A,D,0,E,A,A,A,B,B,A,,,S ,S ,S ,S ,60,HB  ,H,B,R,WW  ,W,W,K,K,B,A,C,U, ,3,101400,450-09,17,11,8,0,0.863,0.12,2,4,70,48,0,154.18,155.04,I010 ,0.863,D,61,A,B,L,P,4,154.538,30.43978,-91.202794,07:00,7,,450-09-1-010,0.12,0,0,Z,S,R,D
2019,201908131701010013-,2019-08-06,17,C,0,C, ,02,0,TU,0,1,A,0,B,A,Z,J,155.036,0,0,2,17,0,10,A,A,C,0,E,A,A,A,A,Y,A,,,S ,S ,S ,S ,50,HB  ,H,B,R,SS  ,S,S,Y,K, ,B,Y,U, ,3,101400,450-09,17,11,8,0,0.863,0.859,2,4,70,48,0,154.18,155.04,I010 ,0.863,D,61,A,B,Y,P,4,155.277,30.439154,-91.189513,17:25,7,,450-09-2-010,0.04,0,0,Z,U,R,D
2019,201908091701009869-,2019-08-09,8,C,0,B, ,02,0,FR,0,0,A,0,B,A,C,B,154.951,0,0,2,17,0,10,A,A,D,0,E,A,A,A,A,B,A,30,10,S ,S ,S ,S ,60,BB  ,B,B,R,EE  ,E,E,A,K,C,A,U,U, ,3,101400,450-09,17,11,8,0,0.863,0.774,2,4,70,48,0,154.18,155.04,I010 ,0.863,D,61,A,B,M,P,4,155.192,30.439168,-91.191864,08:08,7,,450-09-1-010,0.774,0,0,Z,S,O,C
2019,190811214544563-,2019-08-11,21,B,0,G, ,03,0,SU,0,0,A,0,C,C,Z,B,154.462,2,0,3,17,0,10,A,A,D,0,D,A,A,A,A,A,A,,,T ,S ,T ,S ,60,ABQ ,A,B,R,EEE ,E,E,G,K,A,A,Q,U, ,2,101400,450-09,17,11,8,0,0.863,0.283,2,4,70,48,0,154.18,155.04,I010 ,0.863,E,61,A,E,M,P,4,154.701,30.439646,-91.200072,21:01,7,,450-09-1-010,0.283,0,0,Z,E,O,B
2019,201908141701010064-,2019-08-14,9,C,0,E, ,02,0,WE,0,0,A,0,B,A,A,B,154.71,1,0,2,17,0,10,A,A,A,0,D,A,A,A,A,A,A,,,S ,S ,S ,S ,60,BB  ,B,B,R,WW  ,W,W,K,K,P,A,U,Y, ,2,101400,450-09,17,11,8,0,0.863,0.532,2,4,70,48,0,154.18,155.04,I010 ,0.863,D,61,A, ,P,P,4,154.95,30.439523,-91.195898,09:07,7,,450-09-2-010,0.422,0,0,Z,Q,R,D
2019,201908171701010205-,2019-08-16,12,A,0,A, ,02,0,FR,0,0,A,1,B,A,Z,B,154.764,0,0,2,17,0,10,A,A,B,0,E,A,A,A,A,B,A,,,S ,S ,S ,S ,60,BA  ,B,A,R,EE  ,E,E,K,K,S,A,D,U, ,3,101400,450-09,17,11,8,0,0.863,0.586,2,4,70,48,0,154.18,155.04,I010 ,0.863,D,61,A,A,P,P,4,155.004,30.439348,-91.194996,12:03,7,,450-09-1-010,0.586,0,0,Z,S,R,D
2019,20190031348-,2019-08-16,7,C,0,B, ,02,0,FR,0,0,A,1,A,A,G,J,155.04,0,0,2,17,0,10,A,A,D,0,E,A,A,A,A,B,A,40,50,S ,S ,S ,S ,60,XB  ,X,B,B,WW  ,W,W,K,K,A,Q,C,U, ,3,101400,450-09,17,11,8,0,0.863,0.863,2,4,70,48,0,154.18,155.04,I010 ,0.863,D,61,A,B,L,P,4,155.281,30.439152,-91.187899,07:50,7,,450-09-L-010,0.287,0,0,F,Q,R,D
2019,190820082534636-,2019-08-20,7,C,0,A, ,03,0,TU,0,1,A,0,C,A,A,J,154.186,0,0,2,17,0,10,A,A,A,0,E,A,A,A,D,Y,A,,,S ,S ,S ,S ,55,BB  ,B,B,B,NN  ,N,N,Y,K, ,S,C,U, ,3,101400,450-09,17,11,8,0,0.863,0.006,2,4,70,48,0,154.18,155.04,I010 ,0.863,D,61,A,B,L,P,4,154.424,30.439898,-91.204698,07:20,7,,450-09-1-010,0.006,0,0,A,U,R,E
2019,201908211701010369-,2019-08-20,15,C,0,B, ,02,0,TU,0,0,A,0,B,A,Z,A,154.919,0,0,1,17,0,10,A,A,C,0,E,A,A,A,A,I, ,,,S ,  ,S ,  ,60,B   ,B, ,R,W   ,W, ,K, ,B, ,S, , ,3,101400,450-09,17,11,8,0,0.863,0.742,2,4,70,48,0,154.18,155.04,I010 ,0.863,D,61,A, ,K, ,4,155.16,30.439317,-91.192382,15:58,7,,450-09-2-010,0.212,1,1,Z,X,O,D