CRASH_YEAR,CRASH_NUM,CRASH_DATE,CRASH_HOUR,ACCESS_CNTL_CD,ALCOHOL,ALIGNMENT_CD,BYPASS,CITY_CD,CONST_MAINT_ZN,DAY_OF_WK,DOTD_PROP_DAM,HIT_AND_RUN,HWY_TYPE_CD,INTERSECTION,INVEST_AGENCY_CD,LIGHTING_CD,LOC_TYPE_CD,MAN_COLL_CD,MILE_POST,NUM_TOT_INJ,NUM_TOT_KIL,NUM_VEH,PARISH_CD,POP_CD,PRI_HWY_NUM,ROAD_COND_CD,ROAD_REL_CD,ROAD_TYPE_CD,RR_TRAIN_INV,SEVERITY_CD,SURF_COND_CD,SURF_TYPE_CD,TROOP,WEATHER_CD,DR_COND_CD1,DR_COND_CD2,EST_SPEED1,EST_SPEED2,F_HARM_EV_CD1,F_HARM_EV_CD2,M_HARM_EV_CD1,M_HARM_EV_CD2,POSTED_SPEED,PRIOR_MOVEMENTS,PRIOR_MOVEMENT_CD1,PRIOR_MOVEMENT_CD2,TRAFF_CNTL_CD,TRAVEL_DIRS,TRAVEL_DIR1,TRAVEL_DIR2,VEH_COND_CD1,VEH_COND_CD2,VEH_TYPE_CD1,VEH_TYPE_CD2,VIOLATIONS_CD1,VIOLATIONS_CD2,PED_COND,ACC_CLASS,ADT,CSECT,DOTD_PARISH,FUN_CLASS,HWY_CLASS,LOGMI_FROM,LOGMI_TO,LOGMILE,MED_WIDTH,NUM_LANES,PAVE_TYPE,PAVE_WIDTH,PEDESTRIAN,MILEPOST_FROM,MILEPOST_TO,ROUTE,SEC_LENGTH,TYPE_ACC,DISTRICT,PRI_CONTRIB_FAC,SEC_CONTRIB_FAC,MOVEMENT_REASON_1,MOVEMENT_REASON_2,URBAN_AREA,MILEPOINT,dotd_latitude,dotd_longitude,crash_time,spotted_by,intersection_id,lrs_id,lrs_logmile,roadway_departure,lane_departure,location_type,crash_type,contributing_factor,veh_severity_cd
2019,201908231701010523-,2019-08-21,20,A,0,A, ,02,0,WE,0,0,A,0,B,C,Z,Z,155.036,1,0,1,17,0,10,A,A,A,0,D,B,A,A,C,A, ,,,S ,  ,AA,  ,0 ,B   ,B, ,V,S   ,S, ,K, ,A, ,U, , ,2,101400,450-09,17,11,8,0,0.863,0.859,2,4,70,48,0,154.18,155.04,I010 ,0.863,D,61,B, ,P, ,4,155.277,30.439154,-91.189512,20:13,7,,450-09-2-010,0.04,1,1,Z,H,R,C
2019,190823150157295-,2019-08-22,8,C,0,E, ,03,0,TH,0,0,A,1,C,A,A,B,154.503,3,0,2,17,0,10,A,A,A,0,D,A,A,A,A,B,A,,,S ,S ,  ,  ,60,HQ  ,H,Q,R,EE  ,E,E,K,K,A,S,C,U, ,2,101400,450-09,17,11,8,0,0.863,0.324,2,4,70,48,0,154.18,155.04,I010 ,0.863,D,61,B,K,Z,I,4,154.742,30.439732,-91.199369,08:06,7,,450-09-2-010,0.63,0,0,Z,S,O,C
2019,190826110740626-,2019-08-26,8,C,0,G, ,03,0,MO,0,0,A,0,C,A,A,Z,154.633,0,0,1,17,0,10,A,A,A,0,E,A,A,A,A,A, ,,,YY,  ,  ,  ,60,B   ,B, ,R,W   ,W, ,K, ,B, ,U, , ,3,101400,450-09,17,11,8,0,0.863,0.455,2,4,70,48,0,154.18,155.04,I010 ,0.863,J,61,B,K,P, ,4,154.873,30.439608,-91.197184,08:50,7,,450-09-2-010,0.499,1,1,Z,X,R,D
2019,190829004516031-,2019-08-28,19,C,0,E, ,03,0,WE,0,1,A,0,C,A,C,J,154.464,0,0,2,17,0,10,A,A,D,0,E,B,A,A,C,Y,A,,,S ,S ,S ,S ,55,HB  ,H,B,R,WW  ,W,W,Y,K,B,P,F,U, ,3,101400,450-09,17,11,8,0,0.863,0.285,2,4,70,48,0,154.18,155.04,I010 ,0.863,D,61,A,B,Y,P,4,154.703,30.439766,-91.200024,19:00,7,,450-09-2-010,0.669,0,0,Z,Q,R,D
2019,201908281701010766-,2019-08-28,9,A,0,B, ,02,0,WE,0,0,A,0,B,A,B,B,154.904,0,0,2,17,0,10,A,A,D,0,E,A,A,A,B,B,A,,0,S ,S ,S ,S ,60,BA  ,B,A,R,WW  ,W,W,K,K,S,S,D,U, ,3,101400,450-09,17,11,8,0,0.863,0.727,2,4,70,48,0,154.18,155.04,I010 ,0.863,D,61,B, ,L,I,4,155.145,30.43933,-91.192628,09:35,7,,450-09-2-010,0.227,0,0,Z,U,R,C
2019,190830215700575-,2019-08-30,18,B,0,B, ,03,0,FR,0,0,A,0,C,A,G,J,154.523,0,0,2,17,0,10,A,A,D,0,E,A,A,A,A,B,A,,,L ,S ,L ,S ,60,HB  ,H,B,R,WW  ,W,W,K,K,A,S,C,U, ,3,101400,450-09,17,11,8,0,0.863,0.344,2,4,70,48,0,154.18,155.04,I010 ,0.863,A,61,B,A,L,P,4,154.762,30.439714,-91.199041,18:38,7,,450-09-2-010,0.61,0,1,Z,S,R,D
2019,201908311701010946-,2019-08-31,11,C,0,E, ,03,0,SA,0,0,A,0,B,A,A,B,154.633,0,0,2,17,0,10,A,A,A,0,E,A,A,A,A,B,A,,,S ,S ,S ,S ,60,BA  ,B,A,R,EE  ,E,E,K,K,B,S,S,U, ,3,101400,450-09,17,11,8,0,0.863,0.455,2,4,70,48,0,154.18,155.04,I010 ,0.863,D,61,A, ,L,I,4,154.873,30.439487,-91.197193,11:24,7,,450-09-1-010,0.455,0,0,Z,U,R,D
2019,201909011701010984-,2019-09-01,15,C,0,A, ,02,0,SU,0,1,A,0,B,A,B,B,155.04,0,0,2,17,0,10,A,A,C,0,E,A,A,A,A,Y,A,,,S ,S ,S ,S ,30,ZA  ,Z,A,Y,EE  ,E,E,Y,K, ,C,D,U, ,3,101400,450-09,17,11,8,0,0.863,0.863,2,4,70,48,0,154.18,155.04,I010 ,0.863,D,61,A,B,L,P,4,155.281,30.436474,-91.187024,15:21,7,17LA30@TERRACE,450-09-E-020,0.042,0,0,Z,U,R,D
2019,201909111701011398-,2019-09-11,9,C,0,E, ,02,0,WE,0,0,A,0,B,A,C,B,155.037,0,0,2,17,0,10,A,A,D,0,E,A,A,A,A,B,A,,,S ,S ,S ,S ,60,BA  ,B,A,V,EE  ,E,E,K,K,A,B,D,U, ,3,101400,450-09,17,11,8,0,0.863,0.86,2,4,70,48,0,154.18,155.04,I010 ,0.863,D,61,A, ,L,P,4,155.278,30.439145,-91.189338,09:43,7,17I-10@BRICKYARD,450-09-2-010,0.03,0,0,Z,S,R,D
2019,190913150824593-,2019-09-13,14,C,0,B, ,03,0,FR,0,0,A,0,C,A,A,B,154.54,0,0,2,17,0,10,A,A,D,0,E,A,A,A,A,B,A,,,S ,S ,S ,S ,60,BA  ,B,A,R,EE  ,E,E,K,K,B,S,D,U, ,3,101400,450-09,17,11,8,0,0.863,0.361,2,4,70,48,0,154.18,155.04,I010 ,0.863,D,61,A,B,L,I,4,154.779,30.439577,-91.198765,14:08,7,,450-09-1-010,0.361,0,0,Z,U,R,D
2019,201909141701011562-,2019-09-14,2,A,0,A, ,02,0,SA,0,1,A,1,B,C,A,B,155.04,0,0,2,17,0,10,A,A,A,0,E,A,A,A,A,B,Y,,,S ,S ,S ,S ,60,BZ  ,B,Z,R,WW  ,W,W,K,Y,A, ,D,Y, ,3,101400,450-09,17,11,8,0,0.863,0.863,2,4,70,48,0,154.18,155.04,I010 ,0.863,D,61,A, ,L,Y,4,155.281,30.439148,-91.189393,02:10,7,,450-09-L-010,0.377,0,0,Z,S,R,C
2019,201909181701011803-,2019-09-18,16,C,0,B, ,02,0,WE,0,0,A,0,B,A,C,Z,155.034,0,0,2,17,0,10,A,A,A,0,E,B,A,A,C,B,A,,,S ,S ,S ,S ,60,HB  ,H,B,R,NN  ,N,N,K,K,B,Q,F,U, ,3,101400,450-09,17,11,8,0,0.863,0.857,2,4,70,48,0,154.18,155.04,I010 ,0.863,D,61,A, ,L,P,4,155.275,30.439175,-91.189871,16:12,7,,450-09-2-010,0.062,0,0,Z,Q,R,C
2019,201909251701012158-,2019-09-25,11,C,0,B, ,02,0,WE,0,0,A,0,B,A,Z,J,154.972,1,0,2,17,0,10,A,A,D,0,D,A,A,A,A,B,A,,,S ,S ,S ,S ,60,HB  ,H,B,R,WW  ,W,W,K,K,Q,B,C,U, ,2,101400,450-09,17,11,8,0,0.863,0.795,2,4,70,48,0,154.18,155.04,I010 ,0.863,D,61,A,B,L,P,4,155.213,30.439148,-91.191504,11:05,7,,450-09-1-010,0.795,0,0,Z,Q,R,B
2019,190930092635195-,2019-09-26,16,C,0,E, ,03,0,TH,0,0,A,1,C,A,A,B,154.53,0,0,2,17,0,10,A,A,A,0,E,A,A,A,A,B,A,,,S ,S ,  ,  ,60,BQ  ,B,Q,R,EE  ,E,E,K,K,P,S,C,U, ,3,101400,450-09,17,11,8,0,0.863,0.351,2,4,70,48,0,154.18,155.04,I010 ,0.863,D,61,A,B,L,I,4,154.769,30.439706,-91.198913,16:39,7,,450-09-2-010,0.603,0,0,Z,Q,R,D
2019,191003145508643-,2019-10-02,15,C,0,E, ,03,0,WE,0,0,A,0,C,A,A,B,154.648,0,0,2,17,0,10,A,A,A,0,E,A,A,A,A,B,A,,,S ,S ,S ,S ,60,QQ  ,Q,Q,R,EE  ,E,E,K,K,A,A,Y,U, ,3,101400,450-09,17,11,8,0,0.863,0.47,2,4,70,48,0,154.18,155.04,I010 ,0.863,D,61,B,K,I,I,4,154.888,30.439472,-91.196945,15:07,7,,450-09-1-010,0.47,0,0,Z,S,O,E
2019,201910021701012506-,2019-10-02,12,C,0,B, ,02,0,WE,0,0,A,0,B,A,Z,B,154.706,0,0,2,17,0,10,A,A,A,0,E,A,A, ,A,B,A,,,S ,S ,S ,S ,45,BB  ,B,B,R,EE  ,E,E,K,K,B,B,S,U, ,3,101400,450-09,17,11,8,0,0.863,0.528,2,4,70,48,0,154.18,155.04,I010 ,0.863,D,61,B,A,L,P,4,154.946,30.439,-91.196,12:35,7,,450-09-1-010,0.528,0,0,Z,U,R,C
2019,201910041701012626-,2019-10-04,14,A,0,B, ,03,0,FR,0,0,A,0,B,A,Z,B,154.686,1,0,2,17,0,10,A,A,A,0,D,A,A,A,A,B,A,,,S ,S ,S ,S ,60,BQ  ,B,Q,R,WW  ,W,W,K,K,A,S,D,U, ,2,101400,450-09,17,11,8,0,0.863,0.508,2,4,70,48,0,154.18,155.04,I010 ,0.863,D,61,A, ,Y,P,4,154.926,30.439553,-91.196296,14:15,7,,450-09-2-010,0.446,0,0,Z,S,R,D
2019,191006094441491-,2019-10-06,9,B,0,E, ,03,0,SU,0,0,A,0,C,A,Z,B,154.638,1,0,2,17,0,10,A,A,C,0,D,A,A,A,A,B,A,,,S ,S ,S ,S ,55,BQ  ,B,Q,R,EE  ,E,E,K,K,S,Z,D,U, ,2,101400,450-09,17,11,8,0,0.863,0.46,2,4,70,48,0,154.18,155.04,I010 ,0.863,D,61,B,A,L,I,4,154.878,30.439482,-91.197114,09:20,7,,450-09-1-010,0.46,0,0,Z,K,R,C
2019,20190038517-,2019-10-06,17,C,0,B, ,03,0,SU,0,1,A,0,A,A,B,J,154.675,0,0,2,17,0,10,A,A,C,0,E,A,A,A,A,Y,A,60,65,S ,S ,S ,S ,70,HB  ,H,B,R,EE  ,E,E,Y,K,Q,A,C,U, ,3,101400,450-09,17,11,8,0,0.863,0.497,2,4,70,48,0,154.18,155.04,I010 ,0.863,D,61,A,B,L,P,4,154.915,30.439447,-91.196495,17:20,7,,450-09-1-010,0.497,0,0,Z,Q,R,D
2019,191009182923063-,2019-10-06,11,C,0,B, ,02,0,SU,0,0,A,0,C,A,A,J,154.724,0,0,2,17,0,10,A,A,D,0,E,A,A,A,A,B,A,,,S ,S ,S ,S ,55,HQ  ,H,Q,R,WW  ,W,W,K,K,M,A,S,U, ,3,101400,450-09,17,11,8,0,0.863,0.546,2,4,70,48,0,154.18,155.04,I010 ,0.863,D,61,B,C,L,I,4,154.964,30.439505,-91.195669,11:53,7,,450-09-2-010,0.408,0,0,Z,Q,O,D
2019,201910121701013046-,2019-10-08,5,A,0,A, ,02,0,TU,0,0,A,0,B,C,C,B,154.808,0,0,3,17,0,10,A,A,D,0,E,A,A,A,A,B,B,,,S ,S ,S ,S ,60,QQQ ,Q,Q,R,WWW ,W,W,K,K,S,B,D,D, ,3,101400,450-09,17,11,8,0,0.863,0.63,2,4,70,48,0,154.18,155.04,I010 ,0.863,D,61,A, ,I,I,4,155.048,30.439424,-91.194245,05:09,7,,450-09-2-010,0.324,0,0,Z,R,O,D
2019,201910121701013045-,2019-10-08,5,A,0,A, ,02,0,TU,0,0,A,0,B,C,C,B,155.035,0,0,3,17,0,10,A,A,D,0,E,A,A,A,A,B,B,,,S ,S ,S ,S ,60,QQQ ,Q,Q,R,WWW ,W,W,K,K,Q,C,D,D, ,3,101400,450-09,17,11,8,0,0.863,0.858,2,4,70,48,0,154.18,155.04,I010 ,0.863,D,61,A, ,I,I,4,155.276,30.439167,-91.18973,05:09,7,,450-09-2-010,0.053,0,0,Z,Q,O,B
2019,191010125204335-,2019-10-10,12,C,0,E, ,03,0,TH,0,0,A,0,C,A,A,Z,154.257,0,0,1,17,0,10,A,A,D,0,E,A,A,A,A,A, ,,,G ,  ,G ,  ,60,B   ,B, ,R,W   ,W, ,K, ,A, ,U, , ,3,101400,450-09,17,11,8,0,0.863,0.077,2,4,70,48,0,154.18,155.04,I010 ,0.863,K,61,B,K,P, ,4,154.495,30.439937,-91.203498,12:15,7,,450-09-2-010,0.877,1,1,Z,T,R,D
2019,191015102241408-,2019-10-14,14,C,0,E, ,03,0,MO,0,0,A,0,C,A,A,B,154.563,5,0,2,17,0,10,A,A,A,0,D,B,A,A,C,B,A,,,S ,S ,  ,  ,60,QQ  ,Q,Q,R,EE  ,E,E,K,K,A,S,C,U, ,2,101400,450-09,17,11,8,0,0.863,0.384,2,4,70,48,0,154.18,155.04,I010 ,0.863,D,61,A,B,I,I,4,154.802,30.439555,-91.198384,14:50,7,,450-09-1-010,0.384,0,0,Z,S,O,C
2019,201910141701013113-,2019-10-14,7,C,0,B, ,02,0,MO,1,0,A,0,B,A,C,A,155.037,1,0,1,17,0,10,A,A,A,0,D,B,A,A,C,A, ,60,,S ,  ,S ,  ,50,B   ,B, ,R,W   ,W, ,K, ,S, ,U, , ,2,101400,450-09,17,11,8,0,0.863,0.86,2,4,70,48,0,154.18,155.04,I010 ,0.863,D,61,A,B,P, ,4,155.278,30.439149,-91.18942,07:41,7,,450-09-2-010,0.035,1,1,Z,X,R,B
2019,201910161701013228-,2019-10-16,15,A,0,E, ,02,0,WE,0,1,A,0,B,A,A,J,154.789,0,0,2,17,0,10,A,A,C,0,E,A,A,A,A,Y,A,,,S ,S ,S ,S ,45,HB  ,H,B,R,WW  ,W,W,Y,K, ,P,C,U, ,3,101400,450-09,17,11,8,0,0.863,0.611,2,4,70,48,0,154.18,155.04,I010 ,0.863,D,61,A,A,Y,P,4,155.029,30.439442,-91.194579,15:35,7,,450-09-2-010,0.343,0,0,Z,Q,R,D
2019,201910161701013236-,2019-10-16,15,A,0,E, ,02,0,WE,0,1,A,0,B,A,A,J,154.799,0,0,2,17,0,10,A,A,C,0,E,A,A,A,A,Y,A,,,S ,S ,S ,S ,45,HB  ,H,B,R,WW  ,W,W,Y,K, ,A,F,U, ,3,101400,450-09,17,11,8,0,0.863,0.621,2,4,70,48,0,154.18,155.04,I010 ,0.863,D,61,A,A,Y,P,4,155.039,30.439432,-91.194398,15:59,7,,450-09-2-010,0.333,0,0,Z,S,R,D
2019,20190038992-,2019-10-18,23,C,0,E, ,03,0,FR,0,0,A,0,A,C,A,A,154.454,0,0,2,17,0,10,A,A,D,0,E,A,A,A,A,A,A,0,45,H ,FF,S ,S ,55,AQ  ,A,Q,R,EE  ,E,E,I,K,A,A,Q,U, ,3,101400,450-09,17,11,8,0,0.863,0.275,2,4,70,48,0,154.18,155.04,I010 ,0.863,K,61,A,E,M,A,4,154.693,30.439652,-91.200199,23:30,7,,450-09-1-010,0.275,0,0,Z,S,O,D
2019,20190039995-,2019-10-22,5,C,0,A, ,03,0,TU,0,0,A,0,A,C,G,J,154.501,0,0,2,17,0,10,A,A,D,0,E,A,A,A,A,B,A,55,55,S ,S ,S ,S ,55,HB  ,H,B,R,WW  ,W,W,K,K,S,A,Z,U, ,3,101400,450-09,17,11,8,0,0.863,0.322,2,4,70,48,0,154.18,155.04,I010 ,0.863,D,61,A,B,L,P,4,154.74,30.439733,-91.199398,05:15,7,,450-09-2-010,0.632,0,0,Z,S,R,D
2019,191024091914275-,2019-10-23,17,C,0,G, ,03,0,WE,0,0,A,1,C,A,A,B,154.403,2,0,2,17,0,10,A,A,A,0,D,A,A,A,A,Z,A,,,S ,S ,  ,  ,60,BQ  ,B,Q,Z,WW  ,W,W,K,K,S,S,C,U, ,2,101400,450-09,17,11,8,0,0.863,0.224,2,4,70,48,0,154.18,155.04,I010 ,0.863,D,61,A,B,Z,I,4,154.642,30.439812,-91.201049,17:21,7,,450-09-2-010,0.73,0,0,Z,U,O,C
2019,191024040116967-,2019-10-23,20,A,0,E, ,00,0,WE,0,1,A,0,C,C,G,J,154.647,0,0,2,17,0,10,A,A,D,0,E,A,A, ,A,Y,A,,,S ,S ,S ,S ,60,HB  ,H,B,R,EE  ,E,E,Y,K,Q,Q,F,U, ,3,101400,450-09,17,11,8,0,0.863,0.469,2,4,70,48,0,154.18,155.04,I010 ,0.863,D,61,B,A,L,P,4,154.887,30.439594,-91.196956,20:21,2,,450-09-2-010,0.485,0,0,Z,Q,R,D
2019,201910251701013671-,2019-10-25,16,A,0,B, ,02,0,FR,0,0,A,0,B,A,Z,A,154.986,0,0,1,17,0,10,A,A,D,0,E,B,A,A,C,A, ,,,AA,  ,AA,  ,45,B   ,B, ,R,W   ,W, ,K, ,A, ,U, , ,3,101400,450-09,17,11,8,0,0.863,0.809,2,4,70,48,0,154.18,155.04,I010 ,0.863,I,61,F, ,P, ,4,155.227,30.439254,-91.191257,16:40,7,,450-09-2-010,0.145,1,1,Z,H,O,D
2019,20190040000-,2019-10-26,11,C,0,A, ,03,0,SA,0,0,A,0,A,A,G,B,154.272,0,0,2,17,0,10,A,A,B,0,E,B,A,A,B,B,A,5,0,S ,S ,S ,S ,55,BA  ,B,A,R,EE  ,E,E,K,K,A,A,S,U, ,3,101400,450-09,17,11,8,0,0.863,0.092,2,4,70,48,0,154.18,155.04,I010 ,0.863,D,61,A,B,L,I,4,154.51,30.439805,-91.20327,11:30,7,,450-09-1-010,0.092,0,0,Z,S,R,E
2019,201910271701013754-,2019-10-27,13,C,0,B, ,02,0,SU,0,0,A,0,B,A,B,B,154.793,0,0,2,17,0,10,A,A,A,0,E,A,A,A,A,B,A,,,S ,S ,S ,S ,65,BB  ,B,B,R,WW  ,W,W,K,K,A,A,S,U, ,3,101400,450-09,17,11,8,0,0.863,0.615,2,4,70,48,0,154.18,155.04,I010 ,0.863,D,61,A, ,J,P,4,155.033,30.439437,-91.194505,13:52,7,,450-09-2-010,0.339,0,0,Z,S,O,B
2019,191104094342437-,2019-10-31,14,C,0,A, ,03,0,TH,0,0,A,0,C,A,G,A,154.64,0,0,2,17,0,10,A,A,D,0,E,A,A,A,A,A,A,,,N ,W ,N ,W ,60,B   , ,B,R,WW  ,W,W,K,K,S,S,Z,U, ,3,101400,450-09,17,11,8,0,0.863,0.462,2,4,70,48,0,154.18,155.04,I010 ,0.863,K,61,A,B,P,P,4,154.88,30.4396,-91.197067,14:50,7,,450-09-2-010,0.492,0,0,Z,X,R,D
2019,20190041825-,2019-11-02,19,C,0,B, ,03,0,SA,0,1,A,0,A,C,A,J,154.68,0,0,2,17,0,10,A,A,D,0,E,A,A,A,A,B,A,60,60,S ,S ,S ,S ,60,HB  ,H,B,R,WW  ,W,W,K,K,B,A,S,U, ,3,101400,450-09,17,11,8,0,0.863,0.502,2,4,70,48,0,154.18,155.04,I010 ,0.863,D,61,A,B,L,P,4,154.92,30.43956,-91.196403,19:56,7,,450-09-2-010,0.452,0,0,Z,S,R,C
2019,201911041701014205-,2019-11-04,16,C,0,A, ,02,0,MO,0,0,A,0,B,A,Z,J,154.737,0,0,2,17,0,10,A,A,D,0,E,A,A,A,A,B,A,,,S ,S ,S ,S ,40,BB  ,B,B,R,EE  ,E,E,K,K,A,B,S,U, ,3,101400,450-09,17,11,8,0,0.863,0.559,2,4,70,48,0,154.18,155.04,I010 ,0.863,D,61,A,B,Y,P,4,154.977,30.439379,-91.19545,16:40,7,,450-09-1-010,0.559,0,0,Z,S,R,C
2019,201911081701014402-,2019-11-05,6,A,0,B, ,02,0,TU,0,0,A,0,B,F,B,J,154.71,0,0,2,17,0,10,A,A,C,0,E,A,A,A,A,B,A,,,S ,S ,S ,S ,65,BB  ,B,B,R,EN  ,E,N,K,K,A,B,E,U, ,3,101400,450-09,17,11,8,0,0.863,0.532,2,4,70,48,0,154.18,155.04,I010 ,0.863,D,61,A, ,E,P,4,154.95,30.439409,-91.195899,06:00,7,,450-09-1-010,0.532,0,0,Z,S,O,D
2019,191107072826632-,2019-11-06,16,C,0,B, ,03,0,WE,0,0,A,0,C,A,G,J,154.309,0,0,2,17,0,10,A,A,D,0,E,A,A,A,A,B,A,,,S ,S ,S ,S ,60,HB  ,H,B,R,EE  ,E,E,K,K,Q,A,C,U, ,3,101400,450-09,17,11,8,0,0.863,0.129,2,4,70,48,0,154.18,155.04,I010 ,0.863,D,61,A,B,L,P,4,154.547,30.439772,-91.202651,16:40,7,,450-09-1-010,0.129,0,0,Z,Q,R,D
2019,201911061701014292-,2019-11-06,13,A,0,B, ,02,0,WE,0,1,A,0,B,A,Z,B,154.776,0,0,2,17,0,10,A,A,A,0,E,A,A,A,A,B,A,,,S ,S ,S ,S ,60,BQ  ,B,Q,R,WW  ,W,W,Y,K, ,S,D,U, ,3,101400,450-09,17,11,8,0,0.863,0.598,2,4,70,48,0,154.18,155.04,I010 ,0.863,D,61,A, ,Y,P,4,155.016,30.439336,-91.194797,13:46,7,,450-09-1-010,0.598,0,0,Z,U,R,E
2019,20190026132-,2019-11-08,21,C,0,B, ,02,0,FR,0,0,A,0,A,C,B,J,155.04,0,0,2,17,0,10,A,A,A,0,E,A,A,A,A,B,A,40,55,S ,S ,S ,S ,60,HB  ,H,B,R,EE  ,E,E,K,K,A,S,Z,U, ,3,101400,450-09,17,11,8,0,0.863,0.863,2,4,70,48,0,154.18,155.04,I010 ,0.863,D,61,A,B,L,P,4,155.281,30.439212,-91.187338,21:25,7,,450-09-L-010,0.253,0,0,Z,S,R,C
2019,201911111701014486-,2019-11-09,17,C,0,B, ,02,0,SA,0,0,A,0,B,C,Z,B,154.793,2,0,2,17,0,10,A,A,A,0,D,A,A,A,A,Z,A,,,S ,S ,S ,S ,70,QA  ,Q,A,R,WW  ,W,W,K,C,A,B,Z,Q, ,2,101400,450-09,17,11,8,0,0.863,0.615,2,4,70,48,0,154.18,155.04,I010 ,0.863,D,61,B, ,Z,M,4,155.033,30.439437,-91.194505,17:37,7,,450-09-2-010,0.339,0,0,Z,S,O,B
2019,201911101701014478-,2019-11-10,17,A,0,A, ,02,0,SU,0,1,A,0,B,A,Z,J,155.04,0,0,2,17,0,10,A,A,Z,0,E,A,A,A,A,A,Y,0,0,S ,S ,S ,S ,60,BZ  ,B,Z,R,EE  ,E,E,K,Y,A,B,U,S, ,3,101400,450-09,17,11,8,0,0.863,0.863,2,4,70,48,0,154.18,155.04,I010 ,0.863,D,61,A, ,P,Y,4,155.281,30.438824,-91.188043,17:11,7,,450-09-C-010,0.101,0,0,Z,S,R,D
2019,191111075549961-,2019-11-11,5,C,0,B, ,03,0,MO,0,0,A,0,C,A,A,B,154.545,1,0,2,17,0,10,A,A,D,0,D,A,A,A,A,B,A,,,S ,S ,S ,S ,55,BQ  ,B,Q,R,WW  ,W,W,K,K,S,P,S,U, ,2,101400,450-09,17,11,8,0,0.863,0.366,2,4,70,48,0,154.18,155.04,I010 ,0.863,D,61,B,A,L,I,4,154.784,30.439692,-91.198666,05:56,7,,450-09-2-010,0.588,0,0,Z,Q,R,B
2019,191112191422500-,2019-11-12,18,C,0,G, ,03,0,TU,0,0,A,0,C,C,A,J,154.261,0,0,2,17,0,10,A,A,A,0,E,A,A,A,B,B,A,,,S ,S ,S ,S ,55,HB  ,H,B,R,WW  ,W,W,K,K,B,A,F,U, ,3,101400,450-09,17,11,8,0,0.863,0.081,2,4,70,48,0,154.18,155.04,I010 ,0.863,D,61,A,B,L,P,4,154.499,30.439933,-91.203429,18:05,7,,450-09-2-010,0.873,0,0,Z,S,R,D
2019,191121160736337-,2019-11-21,15,C,0,B, ,03,0,TH,0,0,A,0,C,A,G,J,154.527,0,0,2,17,0,10,A,A,D,0,E,A,A,A,A,B,A,,,S ,S ,S ,S ,60,HB  ,H,B,R,EE  ,E,E,K,K,P,B,C,U, ,3,101400,450-09,17,11,8,0,0.863,0.348,2,4,70,48,0,154.18,155.04,I010 ,0.863,D,61,A,B,L,P,4,154.766,30.439709,-91.19897,15:39,7,,450-09-2-010,0.606,0,0,Z,Q,R,D
2019,201911251701015249-,2019-11-25,20,B,0,A, ,03,0,MO,0,0,A,0,B,C,A,A,154.404,0,0,1,17,0,10,A,A,A,0,E,A,A,A,A,A, ,,,FF,  ,FF,  ,60,B   ,B, ,R,W   ,W, ,K, ,A, ,Z, , ,3,101400,450-09,17,11,8,0,0.863,0.225,2,4,70,48,0,154.18,155.04,I010 ,0.863,I,61,B, ,A, ,4,154.643,30.439688,-91.201032,20:43,7,,450-09-1-010,0.225,1,1,Z,H,O,C
2019,201911301701015465-,2019-11-25,21,A,0,A, ,02,0,MO,0,0,A,0,B,C,Z,J,154.786,0,0,2,17,0,10,A,A,B,0,E,A,B,A,A,B,A,,,S ,S ,S ,S ,60,HB  ,H,B,V,WW  ,W,W,K,K,A,P,S,U, ,3,101400,450-09,17,11,8,0,0.863,0.608,2,4,70,48,0,154.18,155.04,I010 ,0.863,D,61,A, ,L,P,4,155.026,30.439444,-91.194626,21:21,7,,450-09-2-010,0.346,0,0,Z,Q,R,C
2019,201911271701015329-,2019-11-27,12,C,0,B, ,02,0,WE,0,1,A,0,B,A,Z,B,155.037,0,0,2,17,0,10,A,A,D,0,E,A,A,A,A,Y,A,,,S ,S ,S ,S ,60,ZB  ,Z,B,R,EE  ,E,E,Y,K, ,A,D,U, ,3,101400,450-09,17,11,8,0,0.863,0.86,2,4,70,48,0,154.18,155.04,I010 ,0.863,D,61,A, ,Y,P,4,155.278,30.439144,-91.189332,12:30,7,17I-10@BRICKYARD,450-09-2-010,0.029,0,0,Z,S,R,C
2019,20190046402-,2019-12-01,15,C,0,B, ,03,0,SU,0,0,A,0,A,A,A,B,154.37,0,0,3,17,0,10,A,A,C,0,E,A,A,A,A,B,A,25,5,S ,S ,S ,S ,55,BQA ,B,Q,R,EEE ,E,E,K,K,S,S,D,U, ,3,101400,450-09,17,11,8,0,0.863,0.191,2,4,70,48,0,154.18,155.04,I010 ,0.863,D,61,A,B,L,I,4,154.609,30.439712,-91.201599,15:40,7,,450-09-1-010,0.191,0,0,Z,R,R,D