CRASH_YEAR,CRASH_NUM,CRASH_DATE,CRASH_HOUR,ACCESS_CNTL_CD,ALCOHOL,ALIGNMENT_CD,BYPASS,CITY_CD,CONST_MAINT_ZN,DAY_OF_WK,DOTD_PROP_DAM,HIT_AND_RUN,HWY_TYPE_CD,INTERSECTION,INVEST_AGENCY_CD,LIGHTING_CD,LOC_TYPE_CD,MAN_COLL_CD,MILE_POST,NUM_TOT_INJ,NUM_TOT_KIL,NUM_VEH,PARISH_CD,POP_CD,PRI_HWY_NUM,ROAD_COND_CD,ROAD_REL_CD,ROAD_TYPE_CD,RR_TRAIN_INV,SEVERITY_CD,SURF_COND_CD,SURF_TYPE_CD,TROOP,WEATHER_CD,DR_COND_CD1,DR_COND_CD2,EST_SPEED1,EST_SPEED2,F_HARM_EV_CD1,F_HARM_EV_CD2,M_HARM_EV_CD1,M_HARM_EV_CD2,POSTED_SPEED,PRIOR_MOVEMENTS,PRIOR_MOVEMENT_CD1,PRIOR_MOVEMENT_CD2,TRAFF_CNTL_CD,TRAVEL_DIRS,TRAVEL_DIR1,TRAVEL_DIR2,VEH_COND_CD1,VEH_COND_CD2,VEH_TYPE_CD1,VEH_TYPE_CD2,VIOLATIONS_CD1,VIOLATIONS_CD2,PED_COND,ACC_CLASS,ADT,CSECT,DOTD_PARISH,FUN_CLASS,HWY_CLASS,LOGMI_FROM,LOGMI_TO,LOGMILE,MED_WIDTH,NUM_LANES,PAVE_TYPE,PAVE_WIDTH,PEDESTRIAN,MILEPOST_FROM,MILEPOST_TO,ROUTE,SEC_LENGTH,TYPE_ACC,DISTRICT,PRI_CONTRIB_FAC,SEC_CONTRIB_FAC,MOVEMENT_REASON_1,MOVEMENT_REASON_2,URBAN_AREA,MILEPOINT,dotd_latitude,dotd_longitude,crash_time,spotted_by,intersection_id,lrs_id,lrs_logmile,roadway_departure,lane_departure,location_type,crash_type,contributing_factor,veh_severity_cd
2021,20210719170231070471-,2021-07-18,13,C,0,G, ,02,0,SU,0,0,A,0,B,A,Z,B,154.828,0,0,2,17,0,10,A,A,A,0,E,A,A,A,A,A,A,40,20,S ,S ,S ,S ,60,QQ  ,Q,Q,R,WW  ,W,W,K,K,S,S,D,U, ,3,101400,450-09,17,11,8,0,0.863,0.65,2,4,70,48,0,154.18,155.04,I010 ,0.863,D,61,A,B,L,P,4,155.068,30.439407,-91.193925,13:23,7,,450-09-2-010,0.304,0,0,Z,U,R,C
2021,20210721170231071191-,2021-07-20,11,C,0,B, ,00,0,TU,0,0,A,0,B,A,B,B,154.698,0,0,2,17,0,10,A,A,C,0,E,A,A,A,B,B,A,,,  ,S ,S ,S ,65,BB  ,B,B,R,WW  ,W,W,K,K,S,B,D,U, ,3,101400,450-09,17,11,8,0,0.863,0.52,2,4,70,48,0,154.18,155.04,I010 ,0.863,J,61,A,A,P,P,4,154.938,30.439539,-91.196093,11:45,7,,450-09-2-010,0.434,0,0,Z,U,R,E
2021,202107211731071225-,2021-07-20,12,C,0,B, ,02,0,TU,0,0,A,0,B,A,C,J,154.766,0,0,2,17,0,10,A,A,A,0,E,A,A,A,A,B,A,,,S ,S ,S ,S ,60,HS  ,H,S,R,EE  ,E,E,K,K,S,A,F,U, ,3,101400,450-09,17,11,8,0,0.863,0.588,2,4,70,48,0,154.18,155.04,I010 ,0.863,D,61,A,D,L,P,4,155.006,30.439347,-91.194971,12:44,7,,450-09-1-010,0.588,0,0,Z,S,R,D
2021,210726131040963-,2021-07-22,15,A,0,B, ,03,0,TH,0,0,A,0,C,A,A,J,154.625,0,0,2,17,0,10,A,A,D,0,E,A,A,A,A,B,Y,,,S ,S ,S ,S ,60,HB  ,H,B,R,WE  ,W,E,K,K,S,Q,S,U, ,3,101400,450-09,17,11,8,0,0.863,0.447,2,4,70,48,0,154.18,155.04,I010 ,0.863,D,61,A,B,Y,P,4,154.865,30.439616,-91.197316,15:54,7,,450-09-2-010,0.507,0,0,Z,Q,R,D
2021,210725190554677-,2021-07-25,23,C,0,E, ,03,0,SU,0,0,A,0,C,C,Z,J,154.544,0,0,2,17,0,10,A,A,D,0,E,A,A,A,A,B,A,,,S ,S ,S ,S ,55,HB  ,H,B,R,WW  ,W,W,K,K,S,A,S,U, ,3,101400,450-09,17,11,8,0,0.863,0.365,2,4,70,48,0,154.18,155.04,I010 ,0.863,D,61,A,D,L,P,4,154.783,30.439693,-91.19869,23:54,7,,450-09-2-010,0.589,0,0,Z,S,R,D
2021,20210727170231073047-,2021-07-25,11,C,0,A, ,02,0,SU,0,1,A,0,B,A,Z,J,154.88,2,0,2,17,0,10,A,A,A,0,D,A,A,A,A,B,Y,40,0,S ,S ,AA,S ,60,BA  ,B,A,R,EE  ,E,E,Y,Y,B,Q,D,U, ,2,101400,450-09,17,11,8,0,0.863,0.702,2,4,70,48,0,154.18,155.04,I010 ,0.863,D,61,A, ,L,Y,4,155.12,30.439355,-91.193046,11:24,7,,450-09-2-010,0.252,0,0,Z,Q,R,C
2021,20210727170231073776-,2021-07-27,11,C,0,A, ,02,0,TU,0,1,A,0,B,A,B,J,154.719,0,0,2,17,0,10,A,A,C,0,E,A,A,A,A,Y,A,,,S ,S ,S ,S ,60,HB  ,H,B,R,EE  ,E,E,Y,K, ,C,F,U, ,3,101400,450-09,17,11,8,0,0.863,0.541,2,4,70,48,0,154.18,155.04,I010 ,0.863,D,61,B, ,L,P,4,154.959,30.439399,-91.195754,11:01,7,,450-09-1-010,0.541,0,0,Z,U,R,B
2021,210730170030629-,2021-07-30,13,A,0,B, ,03,0,FR,0,0,A,0,C,A,A,B,154.527,0,0,2,17,0,10,A,A,D,0,E,A,A,A,A,B,A,,,S ,S ,S ,S ,60,QA  ,Q,A,R,EE  ,E,E,K,K,A,S,S,U, ,3,101400,450-09,17,11,8,0,0.863,0.348,2,4,70,48,0,154.18,155.04,I010 ,0.863,D,61,A,B,I,I,4,154.766,30.439588,-91.19897,13:54,7,,450-09-1-010,0.348,0,0,Z,S,O,E
2021,20210029856-,2021-07-30,17,A,0,A, ,02,0,FR,0,1,A,0,A,A,B,F,155.04,0,0,2,17,0,10,A,A,C,0,E,A,A,A,B,Y,A,900,45,S ,S ,YY,S ,55,YB  ,Y,B,C,SS  ,S,S,Y,K, ,A,Y,U, ,3,101400,450-09,17,11,8,0,0.863,0.863,2,4,70,48,0,154.18,155.04,I010 ,0.863,D,61,A,B,Y,P,4,155.281,30.438414,-91.187074,17:46,7,,450-09-C-010,0.165,0,0,D,S,R,E
2021,20210801170231075655-,2021-08-01,12,C,0,B, ,02,0,SU,0,0,A,0,B,A,B,B,154.737,0,0,2,17,0,10,A,A,C,0,E,A,A,A,A,B,A,,,S ,S ,S ,S ,65,BB  ,B,B,R,WW  ,W,W,K,K,Q,B,C,U, ,3,101400,450-09,17,11,8,0,0.863,0.559,2,4,70,48,0,154.18,155.04,I010 ,0.863,D,61,J,J,P,P,4,154.977,30.439492,-91.195445,12:39,7,,450-09-2-010,0.395,0,0,Z,Q,R,D
2021,210804124720501-,2021-08-04,8,C,0,E, ,03,0,WE,0,0,A,0,C,A,A,A,154.521,0,0,2,17,0,10,A,A,A,0,E,A,A,A,A,A,A,,,E ,U ,  ,  ,60,BB  ,B,B,R,WE  ,W,E,K,K,B,A,U,U, ,3,101400,450-09,17,11,8,0,0.863,0.342,2,4,70,48,0,154.18,155.04,I010 ,0.863,K,61,B,K,P,P,4,154.76,30.439595,-91.19908,08:04,7,,450-09-1-010,0.342,0,0,Z,S,R,E
2021,210811081850700-,2021-08-07,11,C,0,E, ,03,0,SA,0,0,A,0,C,A,A,Z,154.669,0,0,1,17,0,10,A,A,A,0,E,Y,B,A,Y,B, ,,,CC,  ,FF,  ,45,B   ,B, ,B,N   ,N, ,K, ,B, ,C, , ,3,101400,450-09,17,11,8,0,0.863,0.491,2,4,70,48,0,154.18,155.04,I010 ,0.863,I,61,A,B,L, ,4,154.909,30.439452,-91.19659,11:00,7,,450-09-1-010,0.491,1,1,A,H,R,D
2021,20210807170231077885-,2021-08-07,14,A,0,B, ,00,0,SA,0,1,A,0,B,A,Z,B,154.694,0,0,2,17,0,10,A,A,A,0,E,A,A,A,A,B,A,,,  ,S ,  ,S ,60,HB  ,H,B,R,EE  ,E,E,Y,K, ,S,F,U, ,3,101400,450-09,17,11,8,0,0.863,0.516,2,4,70,48,0,154.18,155.04,I010 ,0.863,J,61,A, ,Y,P,4,154.934,30.439428,-91.196175,14:22,7,,450-09-1-010,0.516,0,0,Z,U,R,C
2021,20210812170231079224-,2021-08-11,7,C,0,A, ,02,0,WE,0,0,A,0,B,A,Z,J,154.881,1,0,2,17,0,10,A,A,A,0,D,A,A,A,A,B,A,60,60,S ,S ,S ,S ,60,HB  ,H,B,R,EE  ,E,E,Y,Y,P,S,F,U, ,2,101400,450-09,17,11,8,0,0.863,0.703,2,4,70,48,0,154.18,155.04,I010 ,0.863,D,61,A, ,L,P,4,155.121,30.439233,-91.193057,07:53,7,,450-09-1-010,0.703,0,0,Z,Q,R,C
2021,20210813170231080223-,2021-08-13,18,C,0,B, ,02,0,FR,0,1,A,0,B,A,Z,J,155.04,0,0,2,17,0,10,A,A,A,0,E,A,A,A,B,Y,A,50,50,S ,S ,S ,S ,50,HB  ,H,B,R,WW  ,W,W,Y,K,A,A,C,U, ,3,101400,450-09,17,11,8,0,0.863,0.863,2,4,70,48,0,154.18,155.04,I010 ,0.863,D,61,A,B,L,P,4,155.281,30.441819,-91.186458,18:40,7,,450-09-R-010,0.001,0,0,Z,S,R,E
2021,202108171731081634-,2021-08-17,12,A,0,G, ,02,0,TU,0,0,A,0,B,A,A,J,155.039,0,0,2,17,0,10,A,A,A,0,E,A,A,A,A,B,A,,,S ,S ,S ,S ,55,HB  ,H,B,R,WW  ,W,W,K,K,B,A,C,U, ,3,101400,450-09,17,11,8,0,0.863,0.862,2,4,70,48,0,154.18,155.04,I010 ,0.863,D,61,A, ,P,P,4,155.28,30.43913,-91.189057,12:47,7,,450-09-2-010,0.013,0,0,Z,S,R,D
2021,210823104718413-,2021-08-20,14,A,0,D, ,03,0,FR,0,0,A,0,C,A,A,B,154.301,0,0,3,17,0,10,A,A,D,0,E,A,A,A,A,A,A,,,S ,S ,S ,S ,60,AAA ,A,A,R,EEE ,E,E,K,K,B,B,D,U, ,3,101400,450-09,17,11,8,0,0.863,0.121,2,4,70,48,0,154.18,155.04,I010 ,0.863,D,61,A,B,I,I,4,154.539,30.439779,-91.202778,14:20,7,,450-09-1-010,0.121,0,0,Z,R,O,D
2021,210824133005963-,2021-08-20,16,C,0,E, ,03,0,FR,0,0,A,0,C,A,A,B,154.613,4,0,2,17,0,10,A,A,A,0,D,A,A,A,A,B,A,,,S ,S ,S ,S ,60,BQ  ,B,Q,R,EE  ,E,E,K,K,A,S,C,U, ,2,101400,450-09,17,11,8,0,0.863,0.435,2,4,70,48,0,154.18,155.04,I010 ,0.863,D,61,A,B,Z,A,4,154.853,30.439506,-91.197531,16:52,7,,450-09-1-010,0.435,0,0,Z,S,O,C
2021,20210030226-,2021-08-25,5,C,0,E, ,03,0,WE,0,1,A,0,A,C,G,J,154.268,0,0,3,17,0,10,A,A,D,0,E,A,A,A,A,Y,A,45,40,L ,S ,S ,S ,50,HBB ,H,B,R,WWW ,W,W,Y,K,B,S,F,U, ,3,101400,450-09,17,11,8,0,0.863,0.088,2,4,70,48,0,154.18,155.04,I010 ,0.863,A,61,A,B,Y,P,4,154.506,30.439927,-91.203326,05:20,7,,450-09-2-010,0.866,0,1,Z,R,R,D
2021,20210825170231084824-,2021-08-25,20,A,0,A, ,02,0,WE,0,1,A,0,B,C,Z,J,155.015,0,0,2,17,0,10,A,A,C,0,E,A,A,A,A,Y,A,,,S ,S ,S ,S ,60,HB  ,H,B,R,EE  ,E,E,Y,K, ,A,L,U, ,3,101400,450-09,17,11,8,0,0.863,0.838,2,4,70,48,0,154.18,155.04,I010 ,0.863,D,61,A, ,L,P,4,155.256,30.439107,-91.190793,20:32,7,,450-09-1-010,0.838,0,0,Z,S,R,D
2021,210906141942659-,2021-08-27,12,C,0,B, ,03,0,FR,0,0,A,0,C,A,G,B,154.232,0,0,2,17,0,10,A, ,C,0,E,A,A,A,A,B,A,,,S ,S ,S ,S ,60,BA  ,B,A,R,EE  ,E,E,K,K,B,L,D,U, ,3,101400,450-09,17,11,8,0,0.863,0.052,2,4,70,48,0,154.18,155.04,I010 ,0.863,D,61,A,B,L,I,4,154.47,30.43996,-91.203921,12:25,7,,450-09-2-010,0.902,0,0,Z,Q,R,D
2021,202109011731085391-,2021-08-27,11,C,0,G, ,02,0,FR,0,0,A,0,B,A,Z,B,154.719,1,0,2,17,0,10,A,A,A,0,D,A,A,A,A,A,A,60,60,S ,S ,S ,S ,60,BQ  ,B,Q,R,EE  ,E,E,K,K,S,B,D,U, ,2,101400,450-09,17,11,8,0,0.863,0.541,2,4,70,48,0,154.18,155.04,I010 ,0.863,D,61,A,K,I,I,4,154.959,30.439399,-91.195754,11:07,7,,450-09-1-010,0.541,0,0,Z,U,O,C
2021,20210912170231085919-,2021-08-28,17,C,0,B, ,02,0,SA,0,0,A,0,B,A,Z,B,155.035,0,0,3,17,0,10,A,A,C,0,E,A,A,A,A,B,A,,,S ,S ,S ,S ,60,BAA ,B,A,R,WWW ,W,W,K,K,A,B,S,U, ,3,101400,450-09,17,11,8,0,0.863,0.858,2,4,70,48,0,154.18,155.04,I010 ,0.863,D,61,A,B,L,P,4,155.276,30.439166,-91.18971,17:38,7,,450-09-2-010,0.052,0,0,Z,R,R,C
2021,20210912170231085871-,2021-08-28,15,C,0,B, ,02,0,SA,0,0,A,0,B,A,Z,B,155.039,0,0,2,17,0,10,A,A,C,0,E,A,A,A,A,B,A,,,S ,S ,S ,S ,60,BB  ,B,B,R,WW  ,W,W,K,K,A,A,S,U, ,3,101400,450-09,17,11,8,0,0.863,0.862,2,4,70,48,0,154.18,155.04,I010 ,0.863,D,61,A,B,L,P,4,155.28,30.439128,-91.189017,15:13,7,,450-09-2-010,0.011,0,0,Z,S,R,D
2021,20210831170231087390-,2021-08-31,18,A,0,B, ,02,0,TU,0,0,A,0,B,A,C,B,154.729,11,0,4,17,0,10,A,A,A,0,D,B,A,A,C,B,A,,,S ,S ,S ,S ,60,BQSS,B,Q,R,EEEE,E,E,K,K,A,A,R,U, ,2,101400,450-09,17,11,8,0,0.863,0.551,2,4,70,48,0,154.18,155.04,I010 ,0.863,D,61,A, ,K,P,4,154.969,30.4395,-91.195582,18:43,7,,450-09-2-010,0.403,0,0,Z,R,O,C
2021,20210905170231089591-,2021-09-05,13,C,0,G, ,02,0,SU,0,1,A,0,B,A,Z,B,155.04,1,0,2,17,0,10,A,A,A,0,D,A,A,A,A,Y,A,,30,S ,S ,S ,S ,60,ZQ  ,Z,Q,R,EE  ,E,E,Y,K,S,B,D,U, ,2,101400,450-09,17,11,8,0,0.863,0.863,2,4,70,48,0,154.18,155.04,I010 ,0.863,D,61,A,K,Y,P,4,155.281,30.436636,-91.187165,13:45,7,,450-09-E-020,0.057,0,0,Z,U,R,D
2021,20210908170231090086-,2021-09-06,20,C,0,B, ,02,0,MO,0,1,A,0,B,C,A,B,154.719,0,0,2,17,0,10,A,A,D,0,E,A,A,A,A,A,Y,,,S ,S ,S ,S ,60,BB  ,B,B,R,EE  ,E,E,K,Y,S, ,C,Y, ,3,101400,450-09,17,11,8,0,0.863,0.541,2,4,70,48,0,154.18,155.04,I010 ,0.863,D,61,A,B,P,Y,4,154.959,30.439399,-91.195754,20:21,7,,450-09-1-010,0.541,0,0,Z,U,R,C
2021,210907152947001-,2021-09-07,14,C,0,E, ,03,0,TU,0,1,A,0,C,A,A,B,154.641,0,0,3,17,0,10,A,A,A,0,E,A,A,A,A,Y,A,,,S ,S ,S ,S ,60,BQQ ,B,Q,R,EEE ,E,E,Y,K,P,A,Y,U, ,3,101400,450-09,17,11,8,0,0.863,0.463,2,4,70,48,0,154.18,155.04,I010 ,0.863,D,61,A,B,Y,I,4,154.881,30.439479,-91.197065,14:13,7,,450-09-1-010,0.463,0,0,Z,Q,R,D
2021,20210908170231090215-,2021-09-07,6,C,0,B, ,02,0,TU,0,0,A,0,B,A,C,B,154.715,0,0,2,17,0,10,A,A,C,0,E,A,A,A,A,B,A,,,S ,S ,S ,S ,65,BB  ,B,B,R,EE  ,E,E,K,K,B,S,C,U, ,3,101400,450-09,17,11,8,0,0.863,0.537,2,4,70,48,0,154.18,155.04,I010 ,0.863,D,61,A,A,P,P,4,154.955,30.439404,-91.19582,06:19,7,,450-09-1-010,0.537,0,0,Z,U,R,D
2021,210909101103765-,2021-09-08,10,C,0,G, ,02,0,WE,0,0,A,0,C,A,A,A,154.719,0,0,1,17,0,10,M,A,A,0,E,A,A,A,A,A, ,,,N ,  ,  ,  ,60,B   ,B, ,R,W   ,W, ,K, ,A, ,U, , ,3,101400,450-09,17,11,8,0,0.863,0.541,2,4,70,48,0,154.18,155.04,I010 ,0.863,K,61,B,G,P, ,4,154.959,30.439399,-91.195755,10:08,7,,450-09-1-010,0.541,1,1,Z,F,O,C
2021,20210909170231091293-,2021-09-09,16,A,0,B, ,02,0,TH,0,0,A,0,B,A,Z,B,155.04,0,0,2,17,0,10,A,A,A,0,E,A,A,A,A,B,A,,,S ,S ,S ,S ,60,BA  ,B,A,R,EE  ,E,E,K,K,S,S,D,U, ,3,101400,450-09,17,11,8,0,0.863,0.863,2,4,70,48,0,154.18,155.04,I010 ,0.863,D,61,A, ,L,P,4,155.281,30.436431,-91.185389,16:48,7,,450-09-C-010,0.335,0,0,Z,U,R,D
2021,20210914170231091999-,2021-09-11,10,C,0,A, ,02,0,SA,0,0,A,0,B,A,Z,B,154.93,1,0,2,17,0,10,A,A,A,0,D,A,A,A,A,C,A,40,0,S ,S ,S ,S ,60,BA  ,B,A,R,EE  ,E,E,Y,Y,B,S,D,U, ,2,101400,450-09,17,11,8,0,0.863,0.753,2,4,70,48,0,154.18,155.04,I010 ,0.863,D,61,A, ,Z,P,4,155.171,30.439186,-91.192205,10:37,7,,450-09-1-010,0.753,0,0,Z,U,O,D
2021,20210913170231092791-,2021-09-13,14,C,0,A, ,02,0,MO,0,0,A,0,B,A,C,J,154.719,1,0,2,17,0,10,A,A,D,0,D,B,A,A,C,B,A,,,S ,S ,S ,S ,60,HB  ,H,B,R,EE  ,E,E,K,K,A,Q,C,U, ,2,101400,450-09,17,11,8,0,0.863,0.541,2,4,70,48,0,154.18,155.04,I010 ,0.863,D,61,A,B,L,P,4,154.959,30.439399,-91.195754,14:23,7,,450-09-1-010,0.541,0,0,Z,Q,R,C
2021,20210917170231093846-,2021-09-16,6,C,0,B, ,02,0,TH,0,0,A,0,B,A,C,B,154.78,0,0,2,17,0,10,A,A,C,0,E,B,A,A,C,B,A,,,S ,S ,S ,S ,65,BB  ,B,B,R,WW  ,W,W,K,K,A,B,C,U, ,3,101400,450-09,17,11,8,0,0.863,0.602,2,4,70,48,0,154.18,155.04,I010 ,0.863,D,61,A,A,P,P,4,155.02,30.439332,-91.194734,06:54,7,,450-09-1-010,0.602,0,0,Z,S,R,D
2021,20210916170231093828-,2021-09-16,5,A,0,B, ,02,0,TH,0,0,A,0,B,C,B,J,155.039,0,0,2,17,0,10,A,A,D,0,E,B,A,A,B,A,A,,,S ,S ,S ,S ,60,HB  ,H,B,R,WW  ,W,W,K,K,Q,A,F,U, ,3,101400,450-09,17,11,8,0,0.863,0.862,2,4,70,48,0,154.18,155.04,I010 ,0.863,D,61,B, ,P,P,4,155.28,30.439126,-91.188962,05:11,7,,450-09-2-010,0.007,0,0,Z,Q,R,D
2021,20210917170231094232-,2021-09-17,6,C,0,A, ,02,0,FR,0,0,A,1,B,A,Z,J,154.792,1,0,2,17,0,10,A,A,A,0,D,A,A,A,A,B,A,60,60,S ,S ,S ,S ,60,HB  ,H,B,R,WW  ,W,W,Y,Y,B,S,C,U, ,2,101400,450-09,17,11,8,0,0.863,0.614,2,4,70,48,0,154.18,155.04,I010 ,0.863,D,61,A, ,L,P,4,155.032,30.439439,-91.194526,06:04,7,,450-09-2-010,0.34,0,0,Z,U,R,D
2021,20210917170231094257-,2021-09-17,8,C,0,I, ,02,0,FR,0,0,A,0,B,A,G,B,154.98,0,0,2,17,0,10,A,A,A,0,E,A,A,A,A,A,A,,,S ,S ,S ,S ,50,BA  ,B,A,R,EE  ,E,E,K,K,A,S,D,U, ,3,101400,450-09,17,11,8,0,0.863,0.803,2,4,70,48,0,154.18,155.04,I010 ,0.863,D,61,A,B,P,P,4,155.221,30.439141,-91.191372,08:23,7,,450-09-1-010,0.803,0,0,Z,S,R,D
2021,20210918170231094816-,2021-09-18,17,C,0,B, ,02,0,SA,0,1,A,0,B,A,B,J,154.775,0,0,2,17,0,10,A,A,C,0,E,A,B,A,A,Y,A,,,S ,S ,S ,S ,60,HB  ,H,B,Y,EE  ,E,E,Y,K, ,S,Y,U, ,3,101400,450-09,17,11,8,0,0.863,0.597,2,4,70,48,0,154.18,155.04,I010 ,0.863,D,61,A, ,Y,P,4,155.015,30.439455,-91.194806,17:32,7,,450-09-2-010,0.357,0,0,Z,U,R,D
2021,210921230817708-,2021-09-21,20,A,0,E, ,03,0,TU,0,0,A,0,C,B,Z,B,154.285,1,0,2,17,0,10,A,A,D,0,D,A,A,A,A,B,Y,,,S ,YY,S ,YY,60,BZ  ,B,Z,R,EE  ,E,E,K,Y,A,S,D,Y, ,2,101400,450-09,17,11,8,0,0.863,0.105,2,4,70,48,0,154.18,155.04,I010 ,0.863,D,61,B,D,L,Y,4,154.523,30.439792,-91.203038,20:22,7,,450-09-1-010,0.105,0,0,Z,S,R,B
2021,20210922170231096367-,2021-09-22,16,C,0,B, ,02,0,WE,0,0,A,0,B,A,A,B,154.785,0,0,2,17,0,10,A,A,D,0,E,A,A,A,B,A,A,,,S ,S ,S ,S ,60,BB  ,B,B,R,WW  ,W,W,K,K,B,A,D,U, ,3,101400,450-09,17,11,8,0,0.863,0.607,2,4,70,48,0,154.18,155.04,I010 ,0.863,D,61,A,B,P,P,4,155.025,30.439445,-91.194635,16:57,7,,450-09-2-010,0.347,0,0,Z,S,R,C
2021,210924094934580-,2021-09-23,15,C,0,E, ,03,0,TH,0,0,A,0,C,A,A,J,154.294,0,0,2,17,0,10,A,A,D,0,E,A,A,A,A,B,A,,,S ,S ,S ,S ,60,HB  ,H,B,R,EE  ,E,E,K,K,Q,A,C,U, ,3,101400,450-09,17,11,8,0,0.863,0.114,2,4,70,48,0,154.18,155.04,I010 ,0.863,D,61,A,B,L,P,4,154.532,30.439784,-91.202887,15:29,7,,450-09-1-010,0.114,0,0,Z,Q,R,D
2021,20210927170231097800-,2021-09-26,12,C,0,G, ,00,0,SU,0,1,A,0,B,A,G,B,154.695,3,0,2,17,0,10,A,A,A,0,D,A,A,A,A,Y,A,,,  ,S ,  ,AA,60,B   , ,B,R,EE  ,E,E,Y,K, ,S,Y,U, ,2,101400,450-09,17,11,8,0,0.863,0.517,2,4,70,48,0,154.18,155.04,I010 ,0.863,J,61,A,B,Y,P,4,154.935,30.439426,-91.19615,12:36,7,,450-09-1-010,0.517,0,0,Z,U,R,C
2021,20210926170231097797-,2021-09-26,11,A,0,B, ,03,0,SU,0,0,A,0,B,A,Z,B,154.696,4,0,4,17,0,10,A,A,A,0,C,A,A,A,A,B,A,20,20,S ,S ,S ,S ,60,BBBB,B,B,R,EEEE,E,E,K,K,B,B,D,U, ,2,101400,450-09,17,11,8,0,0.863,0.518,2,4,70,48,0,154.18,155.04,I010 ,0.863,D,61,B,B,I,I,4,154.936,30.439425,-91.196135,11:58,7,,450-09-1-010,0.518,0,0,Z,R,O,B
2021,20210926170231097821-,2021-09-26,13,C,0,E, ,02,0,SU,0,0,A,0,B,A,G,B,154.784,0,0,2,17,0,10,A,A,D,0,E,A,A,A,A,A,A,45,45,S ,S ,S ,S ,60,BB  ,B,B,V,WW  ,W,W,K,K,B,B,U,Z, ,3,101400,450-09,17,11,8,0,0.863,0.606,2,4,70,48,0,154.18,155.04,I010 ,0.863,D,61,A, ,P,L,4,155.024,30.439446,-91.194655,13:36,7,,450-09-2-010,0.348,0,0,Z,U,R,D
2021,210930063202633-,2021-09-30,5,A,0,G, ,03,0,TH,0,0,A,0,C,C,G,J,154.628,0,0,2,17,0,10,A,A,C,0,E,A,A,A,A,B,A,,,S ,S ,S ,S ,60,HB  ,H,B,R,EE  ,E,E,K,K,Q,B,R,U, ,3,101400,450-09,17,11,8,0,0.863,0.45,2,4,70,48,0,154.18,155.04,I010 ,0.863,D,61,A,B,P,P,4,154.868,30.439612,-91.19726,05:29,7,,450-09-2-010,0.504,0,0,Z,Q,R,B
2021,20211005170231099291-,2021-09-30,8,C,0,G, ,03,0,TH,0,1,A,0,B,A,Z,B,154.696,2,0,4,17,0,10,A,A,A,0,C,A,A,A,A,Y,A,,40,S ,S ,S ,S ,60,ZQQQ,Z,Q,R,EEEE,E,E,Y,K,S,B,Y,U, ,2,101400,450-09,17,11,8,0,0.863,0.518,2,4,70,48,0,154.18,155.04,I010 ,0.863,D,61,A, ,Y,I,4,154.936,30.439425,-91.196135,08:30,7,,450-09-1-010,0.518,0,0,Z,R,R,C
2021,211001151420684-,2021-10-01,13,A,0,B, ,02,0,FR,0,0,A,0,C,A,Z,B,155.035,0,0,2,17,0,10,A,A,D,0,E,A,A,A,B,Y,Y,,,S ,S ,S ,S ,60,BB  ,B,B,R,WW  ,W,W,K,Y,A,B,S,U, ,3,101400,450-09,17,11,8,0,0.863,0.858,2,4,70,48,0,154.18,155.04,I010 ,0.863,D,61,A,B,I,I,4,155.276,30.439173,-91.189821,13:00,7,,450-09-2-010,0.059,0,0,Z,S,O,C
2021,20211002170231100192-,2021-10-02,11,C,0,B, ,02,0,SA,0,0,A,0,B,A,A,B,155,0,0,2,17,0,10,A,A,C,0,E,A,A,A,A,B,A,,,S ,S ,S ,S ,65,BB  ,B,B,R,EE  ,E,E,K,K,A,S,C,U, ,3,101400,450-09,17,11,8,0,0.863,0.823,2,4,70,48,0,154.18,155.04,I010 ,0.863,D,61,A,A,P,P,4,155.241,30.43912,-91.191043,11:56,7,,450-09-1-010,0.823,0,0,Z,S,R,D
2021,20211003170231100627-,2021-10-03,15,A,0,A, ,00,0,SU,0,1,A,0,B,A,Z,J,154.69,0,0,2,17,0,10,A,A,A,0,E,A,A,A,A,B,A,,,S ,S ,S ,S ,60,HB  ,H,B,R,WW  ,W,W,Y,K,Q,Q,F,U, ,3,101400,450-09,17,11,8,0,0.863,0.512,2,4,70,48,0,154.18,155.04,I010 ,0.863,D,61,A, ,L,P,4,154.93,30.439433,-91.196239,15:12,7,,450-09-1-010,0.512,0,0,Z,Q,R,E
2021,211006120231946-,2021-10-06,7,C,0,G, ,03,0,WE,0,1,A,0,C,A,A,B,154.575,0,0,2,17,0,10,A,A,A,0,E,A,A,A,A,Y,A,,,YY,S ,YY,  ,60,BQ  ,B,Q,R,EE  ,E,E,Y,K,A,S,Y,U, ,3,101400,450-09,17,11,8,0,0.863,0.396,2,4,70,48,0,154.18,155.04,I010 ,0.863,J,61,A,B,Y,I,4,154.814,30.439544,-91.198179,07:44,7,,450-09-1-010,0.396,0,0,Z,S,R,D